Source,Destination,Duration (days),Travel with Train Cost (INR),Travel with Flight Cost (INR),Local Travel Cost (INR),Hotel Cost (INR),Food Cost (INR),Estimated Budget (Train) (INR),Estimated Budget (Flight) (INR)
Delhi,Taj Mahal,1,2500,6000,800,3000,2500,8800,12300
Delhi,Agra Fort,1,2000,5000,1200,2000,3000,8200,11200
Delhi,Ajanta Caves,1,1500,6000,1000,5000,2500,10000,14500
Delhi,Ellora Caves,5,7500,15000,4000,10000,15000,36500,44000
Delhi,Buddhist Monuments at Sanchi,2,2000,14000,2000,4000,4000,12000,24000
Delhi,Champaner-Pavagadh,5,15000,30000,2500,15000,15000,47500,62500
Delhi,Chhatrapati Shivaji Terminus,5,5000,35000,6000,15000,5000,31000,61000
Delhi,Churches and Convents of Goa,3,7500,15000,3600,12000,9000,32100,39600
Delhi,Fatehpur Sikri,2,4000,10000,2400,8000,2000,16400,22400
Delhi,Great Living Chola Temples,2,3000,10000,3000,8000,6000,20000,27000
Delhi,Group of Monuments at Hampi,2,5000,12000,2000,8000,2000,17000,24000
Delhi,Group of Monuments at Mahabalipuram,1,1500,7000,500,5000,1000,8000,13500
Delhi,Group of Monuments at Pattadakal,4,10000,28000,4800,24000,8000,46800,64800
Delhi,Hill Forts of Rajasthan,2,2000,12000,2000,8000,5000,17000,27000
Delhi,Historic City of Ahmedabad,5,15000,20000,4000,20000,7500,46500,51500
Delhi,Humayun's Tomb,3,3000,9000,2400,6000,3000,14400,20400
Delhi,Jaipur City,5,12500,20000,6000,15000,10000,43500,51000
Delhi,Kaziranga National Park,4,8000,20000,4800,24000,8000,44800,56800
Delhi,Keoladeo National Park,2,4000,8000,1600,10000,4000,19600,23600
Delhi,Khajuraho Group of Monuments,5,12500,30000,6000,10000,12500,41000,58500
Delhi,Mahabodhi Temple Complex at Bodh Gaya,3,6000,12000,2400,12000,6000,26400,32400
Delhi,Mountain Railways of India,1,2500,4000,1500,4000,2500,10500,12000
Delhi,Qutb Minar,5,10000,15000,2500,20000,5000,37500,42500
Delhi,Rani ki Vav,5,10000,20000,7500,20000,15000,52500,62500
Delhi,Red Fort,4,4000,28000,6000,20000,4000,34000,58000
Delhi,Rock Shelters of Bhimbetka,5,5000,25000,4000,10000,5000,24000,44000
Delhi,"Sun Temple, Konark",2,4000,6000,1000,8000,5000,18000,20000
Delhi,Sundarbans National Park,3,7500,15000,1500,18000,4500,31500,39000
Delhi,The Architectural Work of Le Corbusier,5,12500,30000,4000,30000,10000,56500,74000
Delhi,"The Jantar Mantar, Jaipur",3,7500,21000,3600,15000,3000,29100,42600
Delhi,The Western Ghats,5,5000,20000,7500,30000,15000,57500,72500
Delhi,Victorian Gothic and Art Deco,5,5000,35000,7500,30000,7500,50000,80000
Delhi,Great Himalayan National Park,5,12500,30000,6000,15000,7500,41000,58500
Delhi,Khangchendzonga National Park,3,3000,12000,1500,15000,6000,25500,34500
Delhi,Bishnupur Temples,5,12500,25000,2500,10000,15000,40000,52500
Delhi,Golconda Fort,2,2000,14000,1600,12000,5000,20600,32600
Delhi,Meenakshi Amman Temple,4,6000,20000,6000,24000,10000,46000,60000
Delhi,Chittorgarh Fort,5,15000,15000,5000,25000,5000,50000,50000
Delhi,Kumbhalgarh Fort,4,6000,24000,2000,24000,4000,36000,54000
Delhi,Hawa Mahal,5,12500,15000,5000,10000,12500,40000,42500
Delhi,Ranthambore Fort,5,7500,25000,7500,25000,7500,47500,65000
Delhi,Leh Palace,2,5000,6000,2000,8000,2000,17000,18000
Delhi,Orchha,4,6000,24000,2000,8000,10000,26000,44000
Delhi,Gwalior Fort,4,6000,12000,4800,12000,8000,30800,36800
Delhi,Mandu,1,2000,6000,500,4000,1000,7500,11500
Delhi,Rajasthan Stepwells,5,12500,35000,6000,30000,5000,53500,76000
Delhi,Rani Rupmati Pavilion,2,6000,8000,3000,6000,4000,19000,21000
Delhi,Gingee Fort,3,6000,21000,1500,6000,3000,16500,31500
Delhi,Panhala Fort,3,3000,12000,3600,12000,6000,24600,33600
Delhi,Bidar Fort,4,4000,12000,3200,12000,6000,25200,33200
Delhi,Saraswathi Mahal Library,1,1500,4000,500,2000,3000,7000,9500
Delhi,Lucknow Residency,4,4000,20000,2000,16000,8000,30000,46000
Delhi,Murshidabad,4,8000,20000,3200,16000,12000,39200,51200
Delhi,Madurai,3,6000,18000,4500,12000,9000,31500,43500
Delhi,Chettinad,4,12000,12000,6000,16000,10000,44000,44000
Delhi,Kodaikanal,1,1000,4000,1000,3000,2000,7000,10000
Mumbai,Taj Mahal,5,7500,25000,5000,30000,7500,50000,67500
Mumbai,Agra Fort,3,3000,21000,4500,15000,7500,30000,48000
Mumbai,Ajanta Caves,1,2500,7000,800,5000,3000,11300,15800
Mumbai,Ellora Caves,1,2500,4000,1500,2000,2000,8000,9500
Mumbai,Buddhist Monuments at Sanchi,4,12000,28000,4000,8000,10000,34000,50000
Mumbai,Champaner-Pavagadh,5,5000,20000,7500,25000,7500,45000,60000
Mumbai,Chhatrapati Shivaji Terminus,2,4000,10000,1000,12000,6000,23000,29000
Mumbai,Churches and Convents of Goa,5,15000,30000,4000,15000,7500,41500,56500
Mumbai,Fatehpur Sikri,4,6000,28000,2000,16000,6000,30000,52000
Mumbai,Great Living Chola Temples,3,4500,9000,3000,18000,7500,33000,37500
Mumbai,Group of Monuments at Hampi,1,1000,7000,800,2000,1500,5300,11300
Mumbai,Group of Monuments at Mahabalipuram,3,6000,15000,2400,18000,7500,33900,42900
Mumbai,Group of Monuments at Pattadakal,1,3000,5000,1500,2000,3000,9500,11500
Mumbai,Hill Forts of Rajasthan,5,12500,15000,4000,30000,15000,61500,64000
Mumbai,Historic City of Ahmedabad,2,3000,6000,1000,4000,2000,10000,13000
Mumbai,Humayun's Tomb,4,8000,16000,4000,24000,4000,40000,48000
Mumbai,Jaipur City,1,3000,3000,1000,3000,2000,9000,9000
Mumbai,Kaziranga National Park,4,4000,28000,3200,12000,8000,27200,51200
Mumbai,Keoladeo National Park,3,3000,12000,3000,15000,7500,28500,37500
Mumbai,Khajuraho Group of Monuments,5,15000,35000,4000,20000,12500,51500,71500
Mumbai,Mahabodhi Temple Complex at Bodh Gaya,4,6000,24000,6000,16000,6000,34000,52000
Mumbai,Mountain Railways of India,3,9000,12000,3000,9000,7500,28500,31500
Mumbai,Qutb Minar,1,1000,6000,500,6000,1500,9000,14000
Mumbai,Rani ki Vav,5,5000,15000,5000,25000,5000,40000,50000
Mumbai,Red Fort,2,3000,12000,2000,12000,4000,21000,30000
Mumbai,Rock Shelters of Bhimbetka,2,3000,8000,3000,4000,4000,14000,19000
Mumbai,"Sun Temple, Konark",2,2000,6000,2400,4000,6000,14400,18400
Mumbai,Sundarbans National Park,1,3000,6000,1500,4000,2500,11000,14000
Mumbai,The Architectural Work of Le Corbusier,2,2000,8000,1000,4000,6000,13000,19000
Mumbai,"The Jantar Mantar, Jaipur",4,10000,28000,2000,12000,6000,30000,48000
Mumbai,The Western Ghats,1,2500,7000,500,4000,3000,10000,14500
Mumbai,Victorian Gothic and Art Deco,5,12500,15000,2500,15000,10000,40000,42500
Mumbai,Great Himalayan National Park,4,12000,20000,3200,24000,10000,49200,57200
Mumbai,Khangchendzonga National Park,1,2000,5000,1500,5000,2000,10500,13500
Mumbai,Bishnupur Temples,1,1500,5000,1000,3000,2000,7500,11000
Mumbai,Golconda Fort,5,7500,25000,7500,10000,12500,37500,55000
Mumbai,Meenakshi Amman Temple,3,3000,18000,3000,18000,7500,31500,46500
Mumbai,Chittorgarh Fort,5,12500,25000,7500,30000,10000,60000,72500
Mumbai,Kumbhalgarh Fort,4,8000,28000,4800,16000,8000,36800,56800
Mumbai,Hawa Mahal,1,2500,6000,1000,2000,1500,7000,10500
Mumbai,Ranthambore Fort,3,6000,18000,3600,6000,9000,24600,36600
Mumbai,Leh Palace,4,12000,12000,2000,12000,4000,30000,30000
Mumbai,Orchha,5,10000,30000,7500,30000,7500,55000,75000
Mumbai,Gwalior Fort,5,7500,25000,2500,15000,15000,40000,57500
Mumbai,Mandu,1,1000,5000,800,5000,2000,8800,12800
Mumbai,Rajasthan Stepwells,3,4500,15000,4500,18000,9000,36000,46500
Mumbai,Rani Rupmati Pavilion,5,12500,15000,2500,25000,7500,47500,50000
Mumbai,Gingee Fort,2,6000,12000,1000,4000,5000,16000,22000
Mumbai,Panhala Fort,1,1500,3000,1000,3000,3000,8500,10000
Mumbai,Bidar Fort,4,12000,28000,3200,12000,8000,35200,51200
Mumbai,Saraswathi Mahal Library,3,4500,9000,4500,6000,3000,18000,22500
Mumbai,Lucknow Residency,5,15000,15000,5000,10000,15000,45000,45000
Mumbai,Murshidabad,4,12000,20000,6000,12000,12000,42000,50000
Mumbai,Madurai,2,6000,14000,2000,8000,4000,20000,28000
Mumbai,Chettinad,3,4500,15000,4500,12000,6000,27000,37500
Mumbai,Kodaikanal,5,10000,30000,7500,10000,10000,37500,57500
Kolkata,Taj Mahal,2,3000,8000,3000,12000,5000,23000,28000
Kolkata,Agra Fort,4,6000,24000,4800,8000,6000,24800,42800
Kolkata,Ajanta Caves,3,9000,9000,2400,9000,7500,27900,27900
Kolkata,Ellora Caves,4,10000,28000,3200,24000,8000,45200,63200
Kolkata,Buddhist Monuments at Sanchi,4,8000,28000,6000,24000,8000,46000,66000
Kolkata,Champaner-Pavagadh,1,3000,7000,500,2000,3000,8500,12500
Kolkata,Chhatrapati Shivaji Terminus,5,15000,20000,2500,10000,12500,40000,45000
Kolkata,Churches and Convents of Goa,5,5000,30000,4000,15000,12500,36500,61500
Kolkata,Fatehpur Sikri,5,10000,15000,2500,10000,5000,27500,32500
Kolkata,Great Living Chola Temples,4,6000,20000,4800,20000,4000,34800,48800
Kolkata,Group of Monuments at Hampi,5,10000,25000,4000,20000,7500,41500,56500
Kolkata,Group of Monuments at Mahabalipuram,2,3000,6000,2000,6000,2000,13000,16000
Kolkata,Group of Monuments at Pattadakal,1,1000,6000,500,2000,2500,6000,11000
Kolkata,Hill Forts of Rajasthan,2,3000,12000,2400,6000,2000,13400,22400
Kolkata,Historic City of Ahmedabad,4,4000,20000,4000,24000,4000,36000,52000
Kolkata,Humayun's Tomb,1,2500,7000,1200,5000,2500,11200,15700
Kolkata,Jaipur City,1,1500,3000,1000,6000,1000,9500,11000
Kolkata,Kaziranga National Park,5,10000,25000,6000,10000,12500,38500,53500
Kolkata,Keoladeo National Park,5,10000,15000,4000,30000,5000,49000,54000
Kolkata,Khajuraho Group of Monuments,1,2500,4000,800,6000,2500,11800,13300
Kolkata,Mahabodhi Temple Complex at Bodh Gaya,3,3000,15000,4500,15000,4500,27000,39000
Kolkata,Mountain Railways of India,5,12500,20000,5000,30000,5000,52500,60000
Kolkata,Qutb Minar,3,7500,21000,1500,12000,9000,30000,43500
Kolkata,Rani ki Vav,5,15000,15000,7500,10000,10000,42500,42500
Kolkata,Red Fort,1,3000,6000,1500,2000,2500,9000,12000
Kolkata,Rock Shelters of Bhimbetka,4,8000,24000,4800,24000,6000,42800,58800
Kolkata,"Sun Temple, Konark",2,6000,8000,2400,12000,2000,22400,24400
Kolkata,Sundarbans National Park,5,15000,25000,7500,20000,5000,47500,57500
Kolkata,The Architectural Work of Le Corbusier,5,15000,15000,7500,25000,15000,62500,62500
Kolkata,"The Jantar Mantar, Jaipur",4,8000,12000,6000,8000,10000,32000,36000
Kolkata,The Western Ghats,5,7500,15000,2500,25000,5000,40000,47500
Kolkata,Victorian Gothic and Art Deco,4,6000,16000,4800,8000,6000,24800,34800
Kolkata,Great Himalayan National Park,4,12000,12000,6000,24000,10000,52000,52000
Kolkata,Khangchendzonga National Park,5,7500,15000,4000,10000,5000,26500,34000
Kolkata,Bishnupur Temples,2,4000,8000,3000,8000,4000,19000,23000
Kolkata,Golconda Fort,1,2500,3000,500,5000,1500,9500,10000
Kolkata,Meenakshi Amman Temple,2,6000,14000,1000,8000,5000,20000,28000
Kolkata,Chittorgarh Fort,5,5000,35000,5000,30000,12500,52500,82500
Kolkata,Kumbhalgarh Fort,2,3000,8000,1000,12000,2000,18000,23000
Kolkata,Hawa Mahal,5,12500,35000,4000,10000,7500,34000,56500
Kolkata,Ranthambore Fort,5,7500,35000,2500,20000,12500,42500,70000
Kolkata,Leh Palace,5,7500,35000,7500,30000,5000,50000,77500
Kolkata,Orchha,1,1000,3000,500,4000,2000,7500,9500
Kolkata,Gwalior Fort,1,1500,3000,1200,2000,3000,7700,9200
Kolkata,Mandu,4,10000,12000,6000,8000,6000,30000,32000
Kolkata,Rajasthan Stepwells,2,3000,12000,1600,4000,4000,12600,21600
Kolkata,Rani Rupmati Pavilion,5,10000,30000,2500,10000,15000,37500,57500
Kolkata,Gingee Fort,2,5000,8000,2400,12000,2000,21400,24400
Kolkata,Panhala Fort,3,4500,12000,2400,12000,7500,26400,33900
Kolkata,Bidar Fort,2,5000,12000,2400,4000,2000,13400,20400
Kolkata,Saraswathi Mahal Library,3,7500,9000,2400,6000,6000,21900,23400
Kolkata,Lucknow Residency,1,2000,5000,500,5000,3000,10500,13500
Kolkata,Murshidabad,2,6000,6000,2400,8000,2000,18400,18400
Kolkata,Madurai,1,2500,6000,1500,3000,3000,10000,13500
Kolkata,Chettinad,3,3000,9000,3600,18000,3000,27600,33600
Kolkata,Kodaikanal,4,8000,24000,4000,16000,4000,32000,48000
Jaipur,Taj Mahal,4,4000,28000,2000,20000,10000,36000,60000
Jaipur,Agra Fort,1,2500,7000,500,2000,2500,7500,12000
Jaipur,Ajanta Caves,3,3000,15000,1500,6000,7500,18000,30000
Jaipur,Ellora Caves,3,9000,12000,3600,15000,9000,36600,39600
Jaipur,Buddhist Monuments at Sanchi,1,1500,4000,1200,3000,2500,8200,10700
Jaipur,Champaner-Pavagadh,1,2000,7000,800,6000,2500,11300,16300
Jaipur,Chhatrapati Shivaji Terminus,2,3000,6000,1600,8000,4000,16600,19600
Jaipur,Churches and Convents of Goa,4,12000,24000,4000,12000,12000,40000,52000
Jaipur,Fatehpur Sikri,5,12500,30000,5000,15000,7500,40000,57500
Jaipur,Great Living Chola Temples,3,4500,18000,3000,18000,4500,30000,43500
Jaipur,Group of Monuments at Hampi,4,12000,20000,4800,20000,12000,48800,56800
Jaipur,Group of Monuments at Mahabalipuram,2,6000,10000,1600,12000,4000,23600,27600
Jaipur,Group of Monuments at Pattadakal,1,1000,6000,1500,6000,3000,11500,16500
Jaipur,Hill Forts of Rajasthan,1,2500,7000,1200,3000,3000,9700,14200
Jaipur,Historic City of Ahmedabad,1,3000,3000,1000,2000,2500,8500,8500
Jaipur,Humayun's Tomb,4,6000,16000,2000,24000,4000,36000,46000
Jaipur,Jaipur City,2,4000,6000,1600,8000,4000,17600,19600
Jaipur,Kaziranga National Park,4,4000,20000,2000,16000,12000,34000,50000
Jaipur,Keoladeo National Park,5,12500,25000,2500,15000,10000,40000,52500
Jaipur,Khajuraho Group of Monuments,3,4500,15000,2400,9000,4500,20400,30900
Jaipur,Mahabodhi Temple Complex at Bodh Gaya,1,2500,5000,800,6000,2500,11800,14300
Jaipur,Mountain Railways of India,2,4000,12000,2400,6000,4000,16400,24400
Jaipur,Qutb Minar,5,10000,25000,2500,15000,10000,37500,52500
Jaipur,Rani ki Vav,1,1000,3000,1000,2000,2000,6000,8000
Jaipur,Red Fort,5,7500,30000,7500,30000,12500,57500,80000
Jaipur,Rock Shelters of Bhimbetka,1,3000,3000,1500,2000,1500,8000,8000
Jaipur,"Sun Temple, Konark",2,6000,8000,1000,12000,5000,24000,26000
Jaipur,Sundarbans National Park,5,15000,35000,7500,20000,7500,50000,70000
Jaipur,The Architectural Work of Le Corbusier,3,4500,12000,2400,15000,3000,24900,32400
Jaipur,"The Jantar Mantar, Jaipur",3,3000,12000,2400,9000,6000,20400,29400
Jaipur,The Western Ghats,1,3000,5000,1000,4000,2500,10500,12500
Jaipur,Victorian Gothic and Art Deco,3,7500,18000,1500,9000,9000,27000,37500
Jaipur,Great Himalayan National Park,3,9000,15000,4500,18000,3000,34500,40500
Jaipur,Khangchendzonga National Park,1,2500,7000,500,5000,1500,9500,14000
Jaipur,Bishnupur Temples,2,6000,6000,1000,10000,2000,19000,19000
Jaipur,Golconda Fort,5,7500,30000,7500,10000,12500,37500,60000
Jaipur,Meenakshi Amman Temple,2,3000,14000,2000,12000,2000,19000,30000
Jaipur,Chittorgarh Fort,5,15000,20000,7500,30000,12500,65000,70000
Jaipur,Kumbhalgarh Fort,4,4000,12000,4000,24000,12000,44000,52000
Jaipur,Hawa Mahal,2,3000,10000,3000,10000,2000,18000,25000
Jaipur,Ranthambore Fort,5,12500,30000,4000,20000,7500,44000,61500
Jaipur,Leh Palace,4,8000,16000,2000,8000,8000,26000,34000
Jaipur,Orchha,5,12500,30000,7500,25000,7500,52500,70000
Jaipur,Gwalior Fort,3,3000,9000,3600,18000,6000,30600,36600
Jaipur,Mandu,5,7500,20000,4000,15000,5000,31500,44000
Jaipur,Rajasthan Stepwells,1,1000,7000,1200,2000,3000,7200,13200
Jaipur,Rani Rupmati Pavilion,4,6000,12000,2000,24000,4000,36000,42000
Jaipur,Gingee Fort,5,7500,30000,5000,15000,5000,32500,55000
Jaipur,Panhala Fort,3,4500,12000,4500,6000,6000,21000,28500
Jaipur,Bidar Fort,4,6000,28000,4800,24000,12000,46800,68800
Jaipur,Saraswathi Mahal Library,2,4000,12000,1600,12000,6000,23600,31600
Jaipur,Lucknow Residency,1,2500,3000,800,3000,3000,9300,9800
Jaipur,Murshidabad,1,2500,4000,500,2000,1500,6500,8000
Jaipur,Madurai,1,2500,5000,800,5000,1000,9300,11800
Jaipur,Chettinad,4,12000,16000,3200,24000,10000,49200,53200
Jaipur,Kodaikanal,3,7500,12000,4500,6000,6000,24000,28500
Agra,Taj Mahal,3,4500,18000,3600,12000,6000,26100,39600
Agra,Agra Fort,4,12000,16000,3200,12000,10000,37200,41200
Agra,Ajanta Caves,3,6000,15000,3600,9000,4500,23100,32100
Agra,Ellora Caves,2,2000,14000,2000,6000,3000,13000,25000
Agra,Buddhist Monuments at Sanchi,1,1000,6000,1500,4000,2500,9000,14000
Agra,Champaner-Pavagadh,4,4000,16000,2000,20000,12000,38000,50000
Agra,Chhatrapati Shivaji Terminus,5,12500,30000,5000,10000,7500,35000,52500
Agra,Churches and Convents of Goa,5,7500,25000,2500,15000,15000,40000,57500
Agra,Fatehpur Sikri,1,2500,7000,500,4000,1500,8500,13000
Agra,Great Living Chola Temples,5,7500,15000,2500,30000,5000,45000,52500
Agra,Group of Monuments at Hampi,2,3000,8000,1600,6000,5000,15600,20600
Agra,Group of Monuments at Mahabalipuram,5,10000,30000,5000,15000,10000,40000,60000
Agra,Group of Monuments at Pattadakal,1,1000,3000,1000,4000,1000,7000,9000
Agra,Hill Forts of Rajasthan,2,6000,10000,2400,12000,6000,26400,30400
Agra,Historic City of Ahmedabad,4,8000,20000,4800,20000,8000,40800,52800
Agra,Humayun's Tomb,5,5000,25000,5000,20000,5000,35000,55000
Agra,Jaipur City,4,6000,16000,4800,24000,10000,44800,54800
Agra,Kaziranga National Park,2,3000,12000,2400,10000,2000,17400,26400
Agra,Keoladeo National Park,4,8000,12000,2000,8000,8000,26000,30000
Agra,Khajuraho Group of Monuments,3,4500,15000,3000,6000,7500,21000,31500
Agra,Mahabodhi Temple Complex at Bodh Gaya,5,10000,25000,4000,25000,15000,54000,69000
Agra,Mountain Railways of India,4,12000,20000,4800,24000,10000,50800,58800
Agra,Qutb Minar,1,1500,6000,800,6000,2000,10300,14800
Agra,Rani ki Vav,5,15000,25000,4000,20000,15000,54000,64000
Agra,Red Fort,5,10000,25000,4000,30000,5000,49000,64000
Agra,Rock Shelters of Bhimbetka,1,3000,5000,800,5000,1000,9800,11800
Agra,"Sun Temple, Konark",4,4000,28000,4000,12000,4000,24000,48000
Agra,Sundarbans National Park,5,5000,20000,5000,30000,5000,45000,60000
Agra,The Architectural Work of Le Corbusier,5,12500,30000,7500,30000,15000,65000,82500
Agra,"The Jantar Mantar, Jaipur",5,5000,35000,2500,10000,12500,30000,60000
Agra,The Western Ghats,5,12500,35000,2500,15000,7500,37500,60000
Agra,Victorian Gothic and Art Deco,4,6000,12000,3200,16000,4000,29200,35200
Agra,Great Himalayan National Park,4,4000,24000,2000,16000,6000,28000,48000
Agra,Khangchendzonga National Park,4,12000,16000,3200,20000,10000,45200,49200
Agra,Bishnupur Temples,3,7500,15000,3600,9000,7500,27600,35100
Agra,Golconda Fort,1,3000,6000,500,5000,3000,11500,14500
Agra,Meenakshi Amman Temple,3,9000,15000,3000,12000,3000,27000,33000
Agra,Chittorgarh Fort,4,12000,24000,4000,8000,4000,28000,40000
Agra,Kumbhalgarh Fort,5,12500,35000,5000,20000,12500,50000,72500
Agra,Hawa Mahal,3,3000,12000,3600,18000,7500,32100,41100
Agra,Ranthambore Fort,5,12500,15000,2500,25000,5000,45000,47500
Agra,Leh Palace,2,5000,6000,2400,10000,4000,21400,22400
Agra,Orchha,5,5000,20000,6000,30000,12500,53500,68500
Agra,Gwalior Fort,2,6000,14000,1600,12000,6000,25600,33600
Agra,Mandu,2,2000,10000,1000,6000,6000,15000,23000
Agra,Rajasthan Stepwells,4,10000,28000,4800,12000,8000,34800,52800
Agra,Rani Rupmati Pavilion,4,10000,20000,4000,8000,8000,30000,40000
Agra,Gingee Fort,2,6000,14000,1600,8000,2000,17600,25600
Agra,Panhala Fort,2,3000,12000,2000,10000,5000,20000,29000
Agra,Bidar Fort,3,4500,18000,2400,9000,3000,18900,32400
Agra,Saraswathi Mahal Library,1,1000,3000,800,3000,1000,5800,7800
Agra,Lucknow Residency,3,3000,12000,3000,15000,9000,30000,39000
Agra,Murshidabad,5,15000,15000,6000,20000,10000,51000,51000
Agra,Madurai,5,5000,15000,6000,30000,15000,56000,66000
Agra,Chettinad,1,1000,4000,1200,6000,2500,10700,13700
Agra,Kodaikanal,5,10000,30000,4000,30000,7500,51500,71500
Chennai,Taj Mahal,4,8000,24000,2000,12000,10000,32000,48000
Chennai,Agra Fort,1,3000,5000,1200,5000,2500,11700,13700
Chennai,Ajanta Caves,3,7500,15000,3000,18000,4500,33000,40500
Chennai,Ellora Caves,5,12500,20000,4000,20000,10000,46500,54000
Chennai,Buddhist Monuments at Sanchi,3,9000,18000,3600,12000,6000,30600,39600
Chennai,Champaner-Pavagadh,2,2000,14000,2400,12000,3000,19400,31400
Chennai,Chhatrapati Shivaji Terminus,1,3000,7000,1000,4000,2000,10000,14000
Chennai,Churches and Convents of Goa,4,8000,24000,4000,12000,12000,36000,52000
Chennai,Fatehpur Sikri,4,12000,20000,4000,20000,6000,42000,50000
Chennai,Great Living Chola Temples,2,4000,12000,1000,12000,2000,19000,27000
Chennai,Group of Monuments at Hampi,2,5000,14000,2400,10000,6000,23400,32400
Chennai,Group of Monuments at Mahabalipuram,3,3000,9000,3600,15000,9000,30600,36600
Chennai,Group of Monuments at Pattadakal,1,3000,3000,1000,4000,3000,11000,11000
Chennai,Hill Forts of Rajasthan,1,1500,5000,1200,5000,3000,10700,14200
Chennai,Historic City of Ahmedabad,1,1500,3000,1000,3000,2500,8000,9500
Chennai,Humayun's Tomb,4,12000,24000,4000,20000,4000,40000,52000
Chennai,Jaipur City,1,1500,5000,1200,6000,2500,11200,14700
Chennai,Kaziranga National Park,3,6000,12000,3000,15000,9000,33000,39000
Chennai,Keoladeo National Park,4,4000,28000,4000,8000,12000,28000,52000
Chennai,Khajuraho Group of Monuments,3,4500,12000,4500,6000,3000,18000,25500
Chennai,Mahabodhi Temple Complex at Bodh Gaya,1,2000,5000,1000,4000,1500,8500,11500
Chennai,Mountain Railways of India,4,10000,12000,6000,8000,6000,30000,32000
Chennai,Qutb Minar,4,10000,28000,4800,24000,8000,46800,64800
Chennai,Rani ki Vav,1,2000,6000,500,5000,2500,10000,14000
Chennai,Red Fort,4,10000,24000,6000,12000,12000,40000,54000
Chennai,Rock Shelters of Bhimbetka,4,6000,28000,2000,20000,10000,38000,60000
Chennai,"Sun Temple, Konark",1,1000,6000,1000,6000,1000,9000,14000
Chennai,Sundarbans National Park,5,10000,35000,4000,15000,7500,36500,61500
Chennai,The Architectural Work of Le Corbusier,5,15000,20000,6000,30000,15000,66000,71000
Chennai,"The Jantar Mantar, Jaipur",5,7500,15000,2500,20000,5000,35000,42500
Chennai,The Western Ghats,4,4000,16000,6000,20000,12000,42000,54000
Chennai,Victorian Gothic and Art Deco,4,8000,20000,6000,24000,8000,46000,58000
Chennai,Great Himalayan National Park,5,5000,20000,2500,15000,5000,27500,42500
Chennai,Khangchendzonga National Park,3,7500,15000,3000,6000,6000,22500,30000
Chennai,Bishnupur Temples,5,5000,35000,7500,10000,10000,32500,62500
Chennai,Golconda Fort,5,15000,25000,5000,10000,10000,40000,50000
Chennai,Meenakshi Amman Temple,2,3000,14000,3000,4000,3000,13000,24000
Chennai,Chittorgarh Fort,4,8000,24000,2000,16000,8000,34000,50000
Chennai,Kumbhalgarh Fort,2,5000,10000,1000,8000,5000,19000,24000
Chennai,Hawa Mahal,2,4000,6000,2400,12000,5000,23400,25400
Chennai,Ranthambore Fort,3,7500,9000,4500,15000,6000,33000,34500
Chennai,Leh Palace,4,8000,12000,2000,12000,8000,30000,34000
Chennai,Orchha,3,4500,18000,2400,12000,7500,26400,39900
Chennai,Gwalior Fort,2,5000,10000,1600,6000,3000,15600,20600
Chennai,Mandu,1,2000,4000,800,2000,2500,7300,9300
Chennai,Rajasthan Stepwells,1,2000,4000,500,3000,3000,8500,10500
Chennai,Rani Rupmati Pavilion,4,8000,12000,3200,24000,6000,41200,45200
Chennai,Gingee Fort,4,8000,12000,3200,20000,8000,39200,43200
Chennai,Panhala Fort,3,9000,9000,3000,9000,7500,28500,28500
Chennai,Bidar Fort,4,8000,24000,4800,8000,12000,32800,48800
Chennai,Saraswathi Mahal Library,5,15000,30000,4000,25000,15000,59000,74000
Chennai,Lucknow Residency,3,4500,21000,4500,18000,6000,33000,49500
Chennai,Murshidabad,5,7500,30000,4000,15000,7500,34000,56500
Chennai,Madurai,3,4500,12000,4500,6000,4500,19500,27000
Chennai,Chettinad,2,5000,12000,2000,10000,2000,19000,26000
Chennai,Kodaikanal,3,6000,21000,4500,9000,4500,24000,39000
Bangalore,Taj Mahal,5,10000,30000,2500,10000,7500,30000,50000
Bangalore,Agra Fort,1,1500,3000,1500,5000,1500,9500,11000
Bangalore,Ajanta Caves,3,9000,9000,4500,18000,4500,36000,36000
Bangalore,Ellora Caves,5,7500,25000,2500,30000,7500,47500,65000
Bangalore,Buddhist Monuments at Sanchi,4,10000,12000,4800,24000,12000,50800,52800
Bangalore,Champaner-Pavagadh,5,7500,20000,4000,10000,5000,26500,39000
Bangalore,Chhatrapati Shivaji Terminus,1,2000,6000,1500,5000,3000,11500,15500
Bangalore,Churches and Convents of Goa,5,15000,35000,4000,25000,15000,59000,79000
Bangalore,Fatehpur Sikri,5,10000,20000,4000,30000,7500,51500,61500
Bangalore,Great Living Chola Temples,1,2500,6000,1500,4000,2500,10500,14000
Bangalore,Group of Monuments at Hampi,3,9000,9000,3000,15000,3000,30000,30000
Bangalore,Group of Monuments at Mahabalipuram,4,6000,24000,6000,8000,6000,26000,44000
Bangalore,Group of Monuments at Pattadakal,2,2000,12000,2400,12000,3000,19400,29400
Bangalore,Hill Forts of Rajasthan,4,12000,20000,6000,8000,10000,36000,44000
Bangalore,Historic City of Ahmedabad,5,10000,20000,2500,10000,15000,37500,47500
Bangalore,Humayun's Tomb,1,2500,6000,1000,4000,2000,9500,13000
Bangalore,Jaipur City,2,2000,14000,2400,12000,4000,20400,32400
Bangalore,Kaziranga National Park,5,12500,30000,6000,15000,10000,43500,61000
Bangalore,Keoladeo National Park,2,2000,12000,3000,12000,6000,23000,33000
Bangalore,Khajuraho Group of Monuments,2,5000,10000,1000,6000,5000,17000,22000
Bangalore,Mahabodhi Temple Complex at Bodh Gaya,2,3000,8000,2400,12000,2000,19400,24400
Bangalore,Mountain Railways of India,4,6000,24000,3200,24000,10000,43200,61200
Bangalore,Qutb Minar,5,10000,30000,5000,25000,12500,52500,72500
Bangalore,Rani ki Vav,1,2500,6000,800,3000,2500,8800,12300
Bangalore,Red Fort,2,2000,10000,2000,6000,6000,16000,24000
Bangalore,Rock Shelters of Bhimbetka,5,5000,15000,6000,10000,15000,36000,46000
Bangalore,"Sun Temple, Konark",2,2000,12000,3000,6000,2000,13000,23000
Bangalore,Sundarbans National Park,2,5000,6000,2000,4000,2000,13000,14000
Bangalore,The Architectural Work of Le Corbusier,3,6000,18000,4500,9000,7500,27000,39000
Bangalore,"The Jantar Mantar, Jaipur",5,15000,20000,5000,15000,10000,45000,50000
Bangalore,The Western Ghats,4,10000,20000,3200,12000,12000,37200,47200
Bangalore,Victorian Gothic and Art Deco,1,1500,6000,1500,6000,1000,10000,14500
Bangalore,Great Himalayan National Park,4,4000,20000,6000,20000,10000,40000,56000
Bangalore,Khangchendzonga National Park,4,8000,20000,2000,8000,4000,22000,34000
Bangalore,Bishnupur Temples,2,2000,10000,1600,12000,5000,20600,28600
Bangalore,Golconda Fort,2,5000,8000,2000,4000,2000,13000,16000
Bangalore,Meenakshi Amman Temple,4,10000,28000,4000,24000,6000,44000,62000
Bangalore,Chittorgarh Fort,2,5000,10000,1000,10000,5000,21000,26000
Bangalore,Kumbhalgarh Fort,3,7500,9000,3000,12000,9000,31500,33000
Bangalore,Hawa Mahal,5,5000,25000,2500,10000,10000,27500,47500
Bangalore,Ranthambore Fort,2,3000,14000,1600,12000,6000,22600,33600
Bangalore,Leh Palace,3,7500,15000,1500,18000,3000,30000,37500
Bangalore,Orchha,5,15000,35000,6000,20000,15000,56000,76000
Bangalore,Gwalior Fort,5,15000,25000,4000,30000,12500,61500,71500
Bangalore,Mandu,2,5000,14000,3000,4000,3000,15000,24000
Bangalore,Rajasthan Stepwells,2,3000,12000,1600,10000,4000,18600,27600
Bangalore,Rani Rupmati Pavilion,1,2500,6000,1000,4000,3000,10500,14000
Bangalore,Gingee Fort,4,12000,12000,3200,20000,10000,45200,45200
Bangalore,Panhala Fort,3,7500,18000,3000,12000,4500,27000,37500
Bangalore,Bidar Fort,5,12500,30000,2500,15000,10000,40000,57500
Bangalore,Saraswathi Mahal Library,1,2000,6000,1500,2000,2500,8000,12000
Bangalore,Lucknow Residency,2,2000,10000,1000,10000,4000,17000,25000
Bangalore,Murshidabad,2,4000,14000,3000,12000,5000,24000,34000
Bangalore,Madurai,2,5000,10000,1600,8000,4000,18600,23600
Bangalore,Chettinad,4,10000,12000,3200,12000,6000,31200,33200
Bangalore,Kodaikanal,3,4500,21000,3000,15000,4500,27000,43500
Hyderabad,Taj Mahal,3,7500,21000,2400,6000,4500,20400,33900
Hyderabad,Agra Fort,3,6000,21000,1500,9000,9000,25500,40500
Hyderabad,Ajanta Caves,2,6000,14000,3000,4000,2000,15000,23000
Hyderabad,Ellora Caves,3,7500,12000,1500,18000,7500,34500,39000
Hyderabad,Buddhist Monuments at Sanchi,3,3000,9000,1500,12000,6000,22500,28500
Hyderabad,Champaner-Pavagadh,2,3000,14000,2000,8000,5000,18000,29000
Hyderabad,Chhatrapati Shivaji Terminus,1,2000,7000,1200,3000,1500,7700,12700
Hyderabad,Churches and Convents of Goa,3,6000,9000,2400,18000,7500,33900,36900
Hyderabad,Fatehpur Sikri,4,6000,20000,4000,12000,6000,28000,42000
Hyderabad,Great Living Chola Temples,4,12000,28000,2000,12000,4000,30000,46000
Hyderabad,Group of Monuments at Hampi,3,3000,18000,1500,12000,3000,19500,34500
Hyderabad,Group of Monuments at Mahabalipuram,2,3000,12000,2000,4000,4000,13000,22000
Hyderabad,Group of Monuments at Pattadakal,4,4000,12000,4000,8000,4000,20000,28000
Hyderabad,Hill Forts of Rajasthan,1,2000,4000,1500,3000,1000,7500,9500
Hyderabad,Historic City of Ahmedabad,5,15000,20000,2500,10000,5000,32500,37500
Hyderabad,Humayun's Tomb,1,2500,7000,1500,5000,1000,10000,14500
Hyderabad,Jaipur City,2,5000,10000,1000,4000,4000,14000,19000
Hyderabad,Kaziranga National Park,3,9000,21000,1500,15000,9000,34500,46500
Hyderabad,Keoladeo National Park,4,10000,16000,4800,8000,8000,30800,36800
Hyderabad,Khajuraho Group of Monuments,3,9000,18000,3000,9000,6000,27000,36000
Hyderabad,Mahabodhi Temple Complex at Bodh Gaya,4,10000,28000,4800,24000,4000,42800,60800
Hyderabad,Mountain Railways of India,5,10000,15000,4000,10000,10000,34000,39000
Hyderabad,Qutb Minar,2,4000,8000,1600,8000,4000,17600,21600
Hyderabad,Rani ki Vav,5,15000,20000,5000,25000,15000,60000,65000
Hyderabad,Red Fort,1,2000,5000,500,4000,3000,9500,12500
Hyderabad,Rock Shelters of Bhimbetka,1,1000,5000,800,2000,1500,5300,9300
Hyderabad,"Sun Temple, Konark",5,7500,35000,4000,10000,12500,34000,61500
Hyderabad,Sundarbans National Park,2,2000,6000,2400,6000,2000,12400,16400
Hyderabad,The Architectural Work of Le Corbusier,4,4000,28000,2000,24000,10000,40000,64000
Hyderabad,"The Jantar Mantar, Jaipur",5,12500,30000,6000,20000,12500,51000,68500
Hyderabad,The Western Ghats,2,2000,12000,2000,8000,6000,18000,28000
Hyderabad,Victorian Gothic and Art Deco,4,10000,16000,4800,16000,12000,42800,48800
Hyderabad,Great Himalayan National Park,1,2000,6000,1500,6000,1500,11000,15000
Hyderabad,Khangchendzonga National Park,4,4000,28000,2000,12000,10000,28000,52000
Hyderabad,Bishnupur Temples,3,4500,9000,3600,6000,3000,17100,21600
Hyderabad,Golconda Fort,3,7500,12000,1500,9000,6000,24000,28500
Hyderabad,Meenakshi Amman Temple,5,15000,35000,5000,15000,5000,40000,60000
Hyderabad,Chittorgarh Fort,5,5000,15000,2500,20000,12500,40000,50000
Hyderabad,Kumbhalgarh Fort,1,3000,6000,1200,5000,1000,10200,13200
Hyderabad,Hawa Mahal,3,3000,18000,3000,18000,7500,31500,46500
Hyderabad,Ranthambore Fort,3,3000,9000,3600,18000,3000,27600,33600
Hyderabad,Leh Palace,3,3000,15000,3000,18000,9000,33000,45000
Hyderabad,Orchha,4,10000,28000,3200,12000,4000,29200,47200
Hyderabad,Gwalior Fort,2,6000,12000,3000,6000,2000,17000,23000
Hyderabad,Mandu,2,4000,12000,2000,10000,2000,18000,26000
Hyderabad,Rajasthan Stepwells,2,4000,12000,3000,10000,6000,23000,31000
Hyderabad,Rani Rupmati Pavilion,3,4500,9000,2400,6000,4500,17400,21900
Hyderabad,Gingee Fort,3,6000,15000,3600,9000,6000,24600,33600
Hyderabad,Panhala Fort,4,4000,28000,6000,24000,10000,44000,68000
Hyderabad,Bidar Fort,2,6000,6000,1000,4000,6000,17000,17000
Hyderabad,Saraswathi Mahal Library,5,7500,25000,6000,25000,10000,48500,66000
Hyderabad,Lucknow Residency,3,9000,21000,2400,9000,7500,27900,39900
Hyderabad,Murshidabad,1,2500,6000,500,3000,2000,8000,11500
Hyderabad,Madurai,1,1500,6000,800,3000,1000,6300,10800
Hyderabad,Chettinad,4,6000,20000,6000,8000,10000,30000,44000
Hyderabad,Kodaikanal,3,9000,15000,1500,12000,4500,27000,33000
Pune,Taj Mahal,1,2000,4000,1500,3000,3000,9500,11500
Pune,Agra Fort,3,4500,12000,3000,18000,3000,28500,36000
Pune,Ajanta Caves,5,7500,25000,6000,10000,7500,31000,48500
Pune,Ellora Caves,4,4000,12000,2000,12000,6000,24000,32000
Pune,Buddhist Monuments at Sanchi,4,10000,12000,2000,12000,10000,34000,36000
Pune,Champaner-Pavagadh,4,10000,16000,4000,12000,10000,36000,42000
Pune,Chhatrapati Shivaji Terminus,3,4500,21000,1500,15000,4500,25500,42000
Pune,Churches and Convents of Goa,1,1500,7000,1500,3000,1000,7000,12500
Pune,Fatehpur Sikri,4,8000,24000,4000,24000,6000,42000,58000
Pune,Great Living Chola Temples,2,3000,10000,1000,8000,5000,17000,24000
Pune,Group of Monuments at Hampi,5,15000,25000,5000,10000,7500,37500,47500
Pune,Group of Monuments at Mahabalipuram,5,15000,20000,2500,25000,7500,50000,55000
Pune,Group of Monuments at Pattadakal,2,4000,6000,1600,10000,3000,18600,20600
Pune,Hill Forts of Rajasthan,5,12500,30000,6000,20000,5000,43500,61000
Pune,Historic City of Ahmedabad,1,2500,3000,1000,6000,2000,11500,12000
Pune,Humayun's Tomb,5,12500,30000,2500,20000,7500,42500,60000
Pune,Jaipur City,3,4500,18000,2400,6000,7500,20400,33900
Pune,Kaziranga National Park,1,3000,4000,800,3000,1500,8300,9300
Pune,Keoladeo National Park,5,5000,20000,5000,30000,7500,47500,62500
Pune,Khajuraho Group of Monuments,3,7500,18000,3000,6000,6000,22500,33000
Pune,Mahabodhi Temple Complex at Bodh Gaya,1,3000,6000,500,5000,1000,9500,12500
Pune,Mountain Railways of India,3,4500,15000,3000,15000,9000,31500,42000
Pune,Qutb Minar,5,15000,15000,6000,10000,12500,43500,43500
Pune,Rani ki Vav,1,3000,7000,500,5000,2500,11000,15000
Pune,Red Fort,5,12500,20000,6000,25000,15000,58500,66000
Pune,Rock Shelters of Bhimbetka,2,4000,10000,1600,8000,6000,19600,25600
Pune,"Sun Temple, Konark",3,6000,21000,4500,9000,4500,24000,39000
Pune,Sundarbans National Park,3,6000,18000,2400,9000,9000,26400,38400
Pune,The Architectural Work of Le Corbusier,4,12000,12000,2000,12000,8000,34000,34000
Pune,"The Jantar Mantar, Jaipur",3,6000,21000,4500,9000,9000,28500,43500
Pune,The Western Ghats,5,12500,15000,2500,10000,5000,30000,32500
Pune,Victorian Gothic and Art Deco,3,9000,21000,3000,9000,7500,28500,40500
Pune,Great Himalayan National Park,1,2500,3000,1000,4000,1000,8500,9000
Pune,Khangchendzonga National Park,4,8000,24000,6000,8000,12000,34000,50000
Pune,Bishnupur Temples,2,6000,10000,1600,4000,5000,16600,20600
Pune,Golconda Fort,2,4000,14000,1600,10000,3000,18600,28600
Pune,Meenakshi Amman Temple,4,4000,12000,2000,12000,10000,28000,36000
Pune,Chittorgarh Fort,1,3000,7000,1000,6000,1500,11500,15500
Pune,Kumbhalgarh Fort,2,2000,10000,2400,10000,6000,20400,28400
Pune,Hawa Mahal,1,1000,4000,1500,2000,1000,5500,8500
Pune,Ranthambore Fort,4,4000,24000,3200,24000,12000,43200,63200
Pune,Leh Palace,4,4000,28000,4800,20000,10000,38800,62800
Pune,Orchha,5,15000,30000,2500,30000,12500,60000,75000
Pune,Gwalior Fort,3,3000,12000,4500,18000,3000,28500,37500
Pune,Mandu,5,12500,25000,4000,25000,7500,49000,61500
Pune,Rajasthan Stepwells,1,1000,7000,1200,4000,2500,8700,14700
Pune,Rani Rupmati Pavilion,4,12000,16000,4800,24000,10000,50800,54800
Pune,Gingee Fort,2,2000,8000,2000,4000,4000,12000,18000
Pune,Panhala Fort,5,15000,25000,4000,20000,12500,51500,61500
Pune,Bidar Fort,4,8000,12000,4000,8000,12000,32000,36000
Pune,Saraswathi Mahal Library,4,10000,16000,3200,8000,4000,25200,31200
Pune,Lucknow Residency,1,2500,4000,1000,4000,2500,10000,11500
Pune,Murshidabad,1,2000,3000,1000,3000,2000,8000,9000
Pune,Madurai,2,5000,12000,1000,6000,4000,16000,23000
Pune,Chettinad,1,1000,7000,1000,2000,1500,5500,11500
Pune,Kodaikanal,3,6000,12000,3600,12000,4500,26100,32100
Ahmedabad,Taj Mahal,5,15000,25000,6000,15000,7500,43500,53500
Ahmedabad,Agra Fort,3,4500,21000,3600,12000,3000,23100,39600
Ahmedabad,Ajanta Caves,4,8000,16000,3200,12000,6000,29200,37200
Ahmedabad,Ellora Caves,3,9000,15000,4500,9000,7500,30000,36000
Ahmedabad,Buddhist Monuments at Sanchi,2,5000,8000,3000,6000,4000,18000,21000
Ahmedabad,Champaner-Pavagadh,2,5000,12000,2400,12000,5000,24400,31400
Ahmedabad,Chhatrapati Shivaji Terminus,4,10000,16000,3200,24000,4000,41200,47200
Ahmedabad,Churches and Convents of Goa,4,6000,24000,2000,20000,12000,40000,58000
Ahmedabad,Fatehpur Sikri,5,10000,30000,2500,30000,7500,50000,70000
Ahmedabad,Great Living Chola Temples,4,6000,16000,6000,24000,10000,46000,56000
Ahmedabad,Group of Monuments at Hampi,2,3000,8000,1600,6000,2000,12600,17600
Ahmedabad,Group of Monuments at Mahabalipuram,4,8000,28000,4800,12000,8000,32800,52800
Ahmedabad,Group of Monuments at Pattadakal,4,4000,20000,4000,12000,4000,24000,40000
Ahmedabad,Hill Forts of Rajasthan,2,2000,8000,1000,8000,3000,14000,20000
Ahmedabad,Historic City of Ahmedabad,2,6000,14000,2000,4000,4000,16000,24000
Ahmedabad,Humayun's Tomb,1,1000,4000,1500,3000,3000,8500,11500
Ahmedabad,Jaipur City,4,4000,20000,3200,24000,10000,41200,57200
Ahmedabad,Kaziranga National Park,4,10000,20000,2000,16000,6000,34000,44000
Ahmedabad,Keoladeo National Park,4,4000,24000,4000,8000,4000,20000,40000
Ahmedabad,Khajuraho Group of Monuments,3,6000,15000,1500,18000,7500,33000,42000
Ahmedabad,Mahabodhi Temple Complex at Bodh Gaya,4,12000,20000,2000,16000,8000,38000,46000
Ahmedabad,Mountain Railways of India,4,8000,24000,4800,12000,10000,34800,50800
Ahmedabad,Qutb Minar,3,9000,12000,2400,15000,9000,35400,38400
Ahmedabad,Rani ki Vav,3,9000,18000,1500,15000,9000,34500,43500
Ahmedabad,Red Fort,4,4000,20000,3200,12000,6000,25200,41200
Ahmedabad,Rock Shelters of Bhimbetka,3,4500,18000,4500,9000,6000,24000,37500
Ahmedabad,"Sun Temple, Konark",1,3000,6000,1200,6000,1500,11700,14700
Ahmedabad,Sundarbans National Park,2,2000,6000,3000,4000,3000,12000,16000
Ahmedabad,The Architectural Work of Le Corbusier,5,5000,15000,7500,10000,10000,32500,42500
Ahmedabad,"The Jantar Mantar, Jaipur",3,6000,21000,4500,9000,9000,28500,43500
Ahmedabad,The Western Ghats,2,4000,12000,1600,6000,4000,15600,23600
Ahmedabad,Victorian Gothic and Art Deco,5,15000,20000,4000,20000,10000,49000,54000
Ahmedabad,Great Himalayan National Park,4,4000,28000,4800,16000,8000,32800,56800
Ahmedabad,Khangchendzonga National Park,4,10000,20000,6000,8000,8000,32000,42000
Ahmedabad,Bishnupur Temples,5,15000,30000,7500,25000,10000,57500,72500
Ahmedabad,Golconda Fort,2,3000,14000,1000,10000,6000,20000,31000
Ahmedabad,Meenakshi Amman Temple,4,6000,16000,4800,20000,6000,36800,46800
Ahmedabad,Chittorgarh Fort,1,1000,7000,1500,3000,1000,6500,12500
Ahmedabad,Kumbhalgarh Fort,2,6000,8000,3000,8000,6000,23000,25000
Ahmedabad,Hawa Mahal,4,12000,20000,6000,12000,8000,38000,46000
Ahmedabad,Ranthambore Fort,5,12500,35000,6000,30000,12500,61000,83500
Ahmedabad,Leh Palace,4,8000,28000,2000,12000,6000,28000,48000
Ahmedabad,Orchha,2,4000,6000,3000,4000,6000,17000,19000
Ahmedabad,Gwalior Fort,1,2500,4000,1500,3000,1500,8500,10000
Ahmedabad,Mandu,1,2000,4000,1500,4000,1000,8500,10500
Ahmedabad,Rajasthan Stepwells,4,12000,12000,3200,20000,12000,47200,47200
Ahmedabad,Rani Rupmati Pavilion,3,4500,12000,3600,6000,9000,23100,30600
Ahmedabad,Gingee Fort,4,12000,12000,4000,8000,10000,34000,34000
Ahmedabad,Panhala Fort,5,5000,15000,6000,15000,10000,36000,46000
Ahmedabad,Bidar Fort,1,1500,5000,1000,6000,2000,10500,14000
Ahmedabad,Saraswathi Mahal Library,2,6000,12000,1000,12000,6000,25000,31000
Ahmedabad,Lucknow Residency,5,10000,30000,5000,15000,12500,42500,62500
Ahmedabad,Murshidabad,5,10000,30000,2500,20000,15000,47500,67500
Ahmedabad,Madurai,4,12000,12000,2000,16000,8000,38000,38000
Ahmedabad,Chettinad,4,12000,20000,4000,24000,4000,44000,52000
Ahmedabad,Kodaikanal,5,12500,15000,2500,15000,7500,37500,40000
Lucknow,Taj Mahal,1,3000,6000,500,2000,2000,7500,10500
Lucknow,Agra Fort,1,3000,7000,500,3000,1500,8000,12000
Lucknow,Ajanta Caves,4,10000,20000,4800,8000,6000,28800,38800
Lucknow,Ellora Caves,2,5000,8000,2000,8000,6000,21000,24000
Lucknow,Buddhist Monuments at Sanchi,2,3000,14000,3000,8000,5000,19000,30000
Lucknow,Champaner-Pavagadh,3,7500,12000,2400,15000,4500,29400,33900
Lucknow,Chhatrapati Shivaji Terminus,4,4000,12000,4800,8000,12000,28800,36800
Lucknow,Churches and Convents of Goa,4,4000,16000,4800,16000,10000,34800,46800
Lucknow,Fatehpur Sikri,3,3000,12000,4500,15000,4500,27000,36000
Lucknow,Great Living Chola Temples,5,15000,25000,5000,10000,10000,40000,50000
Lucknow,Group of Monuments at Hampi,2,2000,10000,3000,6000,3000,14000,22000
Lucknow,Group of Monuments at Mahabalipuram,4,6000,16000,2000,16000,4000,28000,38000
Lucknow,Group of Monuments at Pattadakal,5,7500,15000,6000,20000,5000,38500,46000
Lucknow,Hill Forts of Rajasthan,2,2000,6000,1600,6000,5000,14600,18600
Lucknow,Historic City of Ahmedabad,2,6000,6000,1600,6000,3000,16600,16600
Lucknow,Humayun's Tomb,4,4000,28000,6000,16000,12000,38000,62000
Lucknow,Jaipur City,1,2000,5000,1500,6000,1000,10500,13500
Lucknow,Kaziranga National Park,2,2000,6000,3000,6000,5000,16000,20000
Lucknow,Keoladeo National Park,1,3000,6000,800,3000,1000,7800,10800
Lucknow,Khajuraho Group of Monuments,3,3000,9000,1500,18000,9000,31500,37500
Lucknow,Mahabodhi Temple Complex at Bodh Gaya,2,6000,12000,2400,10000,6000,24400,30400
Lucknow,Mountain Railways of India,2,6000,10000,1000,4000,6000,17000,21000
Lucknow,Qutb Minar,2,3000,12000,2000,10000,4000,19000,28000
Lucknow,Rani ki Vav,5,12500,15000,6000,25000,10000,53500,56000
Lucknow,Red Fort,2,6000,12000,1000,12000,2000,21000,27000
Lucknow,Rock Shelters of Bhimbetka,2,3000,8000,1000,12000,5000,21000,26000
Lucknow,"Sun Temple, Konark",5,7500,25000,7500,15000,15000,45000,62500
Lucknow,Sundarbans National Park,1,1500,4000,1000,4000,3000,9500,12000
Lucknow,The Architectural Work of Le Corbusier,1,2000,7000,1000,3000,2500,8500,13500
Lucknow,"The Jantar Mantar, Jaipur",1,2500,7000,1000,2000,2500,8000,12500
Lucknow,The Western Ghats,3,9000,21000,1500,12000,3000,25500,37500
Lucknow,Victorian Gothic and Art Deco,5,5000,20000,4000,15000,7500,31500,46500
Lucknow,Great Himalayan National Park,4,8000,24000,3200,8000,8000,27200,43200
Lucknow,Khangchendzonga National Park,4,10000,20000,4000,16000,4000,34000,44000
Lucknow,Bishnupur Temples,2,5000,6000,2400,6000,6000,19400,20400
Lucknow,Golconda Fort,3,3000,9000,2400,12000,3000,20400,26400
Lucknow,Meenakshi Amman Temple,4,6000,28000,4800,12000,8000,30800,52800
Lucknow,Chittorgarh Fort,1,2000,4000,1500,3000,1500,8000,10000
Lucknow,Kumbhalgarh Fort,5,7500,35000,6000,20000,12500,46000,73500
Lucknow,Hawa Mahal,2,6000,6000,3000,10000,2000,21000,21000
Lucknow,Ranthambore Fort,5,5000,30000,6000,30000,10000,51000,76000
Lucknow,Leh Palace,5,12500,25000,2500,25000,10000,50000,62500
Lucknow,Orchha,2,5000,8000,2400,6000,4000,17400,20400
Lucknow,Gwalior Fort,3,6000,15000,3600,15000,3000,27600,36600
Lucknow,Mandu,5,5000,15000,6000,30000,12500,53500,63500
Lucknow,Rajasthan Stepwells,4,10000,28000,4800,12000,4000,30800,48800
Lucknow,Rani Rupmati Pavilion,4,12000,24000,4000,12000,10000,38000,50000
Lucknow,Gingee Fort,4,8000,16000,4000,12000,4000,28000,36000
Lucknow,Panhala Fort,5,5000,30000,7500,20000,7500,40000,65000
Lucknow,Bidar Fort,3,9000,15000,4500,15000,4500,33000,39000
Lucknow,Saraswathi Mahal Library,1,3000,4000,1200,4000,2000,10200,11200
Lucknow,Lucknow Residency,3,4500,15000,3000,6000,7500,21000,31500
Lucknow,Murshidabad,2,5000,12000,1600,10000,2000,18600,25600
Lucknow,Madurai,4,12000,20000,2000,16000,10000,40000,48000
Lucknow,Chettinad,1,2000,6000,1500,4000,3000,10500,14500
Lucknow,Kodaikanal,1,2000,4000,1500,5000,1000,9500,11500
Patna,Taj Mahal,3,7500,18000,1500,15000,6000,30000,40500
Patna,Agra Fort,4,8000,24000,4000,24000,12000,48000,64000
Patna,Ajanta Caves,5,5000,25000,2500,15000,10000,32500,52500
Patna,Ellora Caves,2,6000,10000,2000,12000,4000,24000,28000
Patna,Buddhist Monuments at Sanchi,5,12500,35000,7500,30000,7500,57500,80000
Patna,Champaner-Pavagadh,5,5000,20000,5000,20000,15000,45000,60000
Patna,Chhatrapati Shivaji Terminus,2,2000,8000,2400,4000,4000,12400,18400
Patna,Churches and Convents of Goa,3,4500,9000,3600,9000,9000,26100,30600
Patna,Fatehpur Sikri,4,12000,20000,4000,16000,12000,44000,52000
Patna,Great Living Chola Temples,5,5000,25000,4000,10000,12500,31500,51500
Patna,Group of Monuments at Hampi,3,6000,12000,4500,12000,7500,30000,36000
Patna,Group of Monuments at Mahabalipuram,5,12500,15000,2500,30000,15000,60000,62500
Patna,Group of Monuments at Pattadakal,4,6000,12000,4800,16000,4000,30800,36800
Patna,Hill Forts of Rajasthan,5,12500,25000,7500,25000,7500,52500,65000
Patna,Historic City of Ahmedabad,4,12000,16000,3200,12000,4000,31200,35200
Patna,Humayun's Tomb,2,3000,12000,2000,8000,2000,15000,24000
Patna,Jaipur City,4,10000,24000,4000,16000,6000,36000,50000
Patna,Kaziranga National Park,3,9000,15000,4500,9000,4500,27000,33000
Patna,Keoladeo National Park,3,3000,12000,1500,12000,6000,22500,31500
Patna,Khajuraho Group of Monuments,3,4500,9000,2400,15000,4500,26400,30900
Patna,Mahabodhi Temple Complex at Bodh Gaya,5,5000,20000,4000,15000,7500,31500,46500
Patna,Mountain Railways of India,1,3000,3000,800,2000,1500,7300,7300
Patna,Qutb Minar,4,12000,24000,2000,24000,6000,44000,56000
Patna,Rani ki Vav,3,3000,12000,2400,12000,4500,21900,30900
Patna,Red Fort,4,8000,20000,6000,8000,12000,34000,46000
Patna,Rock Shelters of Bhimbetka,1,2500,6000,800,5000,2500,10800,14300
Patna,"Sun Temple, Konark",2,2000,12000,3000,4000,3000,12000,22000
Patna,Sundarbans National Park,4,12000,24000,6000,8000,6000,32000,44000
Patna,The Architectural Work of Le Corbusier,3,4500,15000,3000,15000,7500,30000,40500
Patna,"The Jantar Mantar, Jaipur",3,7500,18000,4500,15000,6000,33000,43500
Patna,The Western Ghats,4,8000,28000,3200,24000,4000,39200,59200
Patna,Victorian Gothic and Art Deco,2,4000,14000,1600,10000,6000,21600,31600
Patna,Great Himalayan National Park,3,9000,15000,1500,15000,9000,34500,40500
Patna,Khangchendzonga National Park,2,5000,14000,2000,6000,4000,17000,26000
Patna,Bishnupur Temples,4,4000,28000,4000,20000,12000,40000,64000
Patna,Golconda Fort,3,3000,9000,3000,12000,9000,27000,33000
Patna,Meenakshi Amman Temple,2,2000,6000,1600,4000,3000,10600,14600
Patna,Chittorgarh Fort,3,3000,9000,1500,6000,7500,18000,24000
Patna,Kumbhalgarh Fort,3,6000,9000,2400,15000,7500,30900,33900
Patna,Hawa Mahal,5,7500,30000,2500,20000,10000,40000,62500
Patna,Ranthambore Fort,3,4500,18000,2400,9000,7500,23400,36900
Patna,Leh Palace,1,2000,7000,1200,4000,3000,10200,15200
Patna,Orchha,2,6000,10000,2000,8000,2000,18000,22000
Patna,Gwalior Fort,2,5000,14000,1000,12000,4000,22000,31000
Patna,Mandu,5,15000,30000,6000,15000,10000,46000,61000
Patna,Rajasthan Stepwells,5,5000,25000,5000,30000,10000,50000,70000
Patna,Rani Rupmati Pavilion,4,10000,28000,4000,20000,10000,44000,62000
Patna,Gingee Fort,2,2000,12000,3000,6000,4000,15000,25000
Patna,Panhala Fort,5,15000,35000,2500,10000,12500,40000,60000
Patna,Bidar Fort,1,2000,4000,800,6000,2500,11300,13300
Patna,Saraswathi Mahal Library,3,6000,18000,2400,12000,9000,29400,41400
Patna,Lucknow Residency,2,2000,10000,1600,8000,3000,14600,22600
Patna,Murshidabad,2,5000,6000,1600,12000,6000,24600,25600
Patna,Madurai,3,4500,21000,1500,9000,3000,18000,34500
Patna,Chettinad,4,4000,28000,6000,12000,6000,28000,52000
Patna,Kodaikanal,2,6000,10000,1000,6000,2000,15000,19000
Indore,Taj Mahal,5,7500,25000,7500,30000,5000,50000,67500
Indore,Agra Fort,5,15000,25000,6000,15000,12500,48500,58500
Indore,Ajanta Caves,4,6000,16000,2000,24000,6000,38000,48000
Indore,Ellora Caves,2,6000,8000,2400,6000,3000,17400,19400
Indore,Buddhist Monuments at Sanchi,3,7500,9000,4500,18000,3000,33000,34500
Indore,Champaner-Pavagadh,2,3000,8000,2000,10000,5000,20000,25000
Indore,Chhatrapati Shivaji Terminus,3,6000,18000,3000,6000,7500,22500,34500
Indore,Churches and Convents of Goa,4,10000,28000,4800,20000,10000,44800,62800
Indore,Fatehpur Sikri,3,4500,12000,1500,6000,9000,21000,28500
Indore,Great Living Chola Temples,4,12000,12000,4000,12000,10000,38000,38000
Indore,Group of Monuments at Hampi,5,7500,15000,5000,30000,5000,47500,55000
Indore,Group of Monuments at Mahabalipuram,4,12000,24000,2000,24000,10000,48000,60000
Indore,Group of Monuments at Pattadakal,2,6000,12000,3000,4000,3000,16000,22000
Indore,Hill Forts of Rajasthan,4,6000,24000,4000,12000,4000,26000,44000
Indore,Historic City of Ahmedabad,1,2000,4000,800,4000,2000,8800,10800
Indore,Humayun's Tomb,2,3000,10000,1600,12000,4000,20600,27600
Indore,Jaipur City,5,15000,15000,2500,25000,5000,47500,47500
Indore,Kaziranga National Park,3,7500,12000,4500,12000,9000,33000,37500
Indore,Keoladeo National Park,1,3000,6000,800,6000,3000,12800,15800
Indore,Khajuraho Group of Monuments,3,9000,18000,3000,15000,7500,34500,43500
Indore,Mahabodhi Temple Complex at Bodh Gaya,3,7500,9000,2400,12000,9000,30900,32400
Indore,Mountain Railways of India,5,12500,25000,7500,25000,12500,57500,70000
Indore,Qutb Minar,3,3000,18000,4500,15000,3000,25500,40500
Indore,Rani ki Vav,2,4000,12000,3000,6000,4000,17000,25000
Indore,Red Fort,3,4500,21000,2400,6000,9000,21900,38400
Indore,Rock Shelters of Bhimbetka,3,4500,21000,2400,18000,9000,33900,50400
Indore,"Sun Temple, Konark",5,10000,20000,5000,30000,10000,55000,65000
Indore,Sundarbans National Park,2,3000,12000,1600,4000,2000,10600,19600
Indore,The Architectural Work of Le Corbusier,4,8000,12000,4800,8000,10000,30800,34800
Indore,"The Jantar Mantar, Jaipur",5,12500,30000,4000,10000,7500,34000,51500
Indore,The Western Ghats,1,3000,5000,500,2000,2000,7500,9500
Indore,Victorian Gothic and Art Deco,5,15000,20000,6000,20000,10000,51000,56000
Indore,Great Himalayan National Park,2,3000,12000,2000,6000,5000,16000,25000
Indore,Khangchendzonga National Park,5,7500,20000,2500,25000,12500,47500,60000
Indore,Bishnupur Temples,2,3000,14000,1600,10000,5000,19600,30600
Indore,Golconda Fort,1,3000,7000,500,6000,1500,11000,15000
Indore,Meenakshi Amman Temple,1,2000,7000,1500,3000,1500,8000,13000
Indore,Chittorgarh Fort,4,4000,16000,3200,16000,6000,29200,41200
Indore,Kumbhalgarh Fort,5,15000,30000,5000,30000,5000,55000,70000
Indore,Hawa Mahal,2,6000,10000,3000,8000,3000,20000,24000
Indore,Ranthambore Fort,4,8000,12000,4800,24000,10000,46800,50800
Indore,Leh Palace,5,12500,30000,6000,30000,5000,53500,71000
Indore,Orchha,2,3000,8000,2400,12000,6000,23400,28400
Indore,Gwalior Fort,5,5000,35000,4000,25000,5000,39000,69000
Indore,Mandu,2,6000,10000,1000,10000,5000,22000,26000
Indore,Rajasthan Stepwells,4,10000,12000,4000,12000,12000,38000,40000
Indore,Rani Rupmati Pavilion,1,1500,4000,1200,4000,2500,9200,11700
Indore,Gingee Fort,1,2500,3000,800,3000,2000,8300,8800
Indore,Panhala Fort,4,4000,28000,6000,8000,4000,22000,46000
Indore,Bidar Fort,2,5000,14000,2400,10000,2000,19400,28400
Indore,Saraswathi Mahal Library,4,8000,12000,4000,8000,8000,28000,32000
Indore,Lucknow Residency,5,5000,30000,7500,20000,12500,45000,70000
Indore,Murshidabad,5,12500,35000,6000,10000,12500,41000,63500
Indore,Madurai,2,6000,6000,2400,10000,4000,22400,22400
Indore,Chettinad,5,10000,35000,7500,30000,15000,62500,87500
Indore,Kodaikanal,3,3000,9000,4500,9000,9000,25500,31500
Vadodara,Taj Mahal,3,6000,21000,3000,9000,3000,21000,36000
Vadodara,Agra Fort,1,3000,6000,500,6000,2500,12000,15000
Vadodara,Ajanta Caves,2,5000,14000,1600,12000,6000,24600,33600
Vadodara,Ellora Caves,4,12000,20000,4000,24000,8000,48000,56000
Vadodara,Buddhist Monuments at Sanchi,2,5000,10000,1600,8000,5000,19600,24600
Vadodara,Champaner-Pavagadh,1,2000,4000,1500,2000,3000,8500,10500
Vadodara,Chhatrapati Shivaji Terminus,5,5000,35000,5000,30000,7500,47500,77500
Vadodara,Churches and Convents of Goa,1,1500,4000,1000,6000,2500,11000,13500
Vadodara,Fatehpur Sikri,3,4500,18000,4500,15000,9000,33000,46500
Vadodara,Great Living Chola Temples,4,10000,16000,2000,20000,6000,38000,44000
Vadodara,Group of Monuments at Hampi,4,8000,16000,3200,24000,12000,47200,55200
Vadodara,Group of Monuments at Mahabalipuram,5,7500,25000,4000,25000,7500,44000,61500
Vadodara,Group of Monuments at Pattadakal,3,3000,15000,4500,6000,4500,18000,30000
Vadodara,Hill Forts of Rajasthan,2,3000,6000,3000,6000,3000,15000,18000
Vadodara,Historic City of Ahmedabad,5,15000,35000,7500,20000,10000,52500,72500
Vadodara,Humayun's Tomb,5,7500,30000,4000,25000,12500,49000,71500
Vadodara,Jaipur City,5,10000,20000,7500,10000,15000,42500,52500
Vadodara,Kaziranga National Park,3,7500,12000,4500,9000,7500,28500,33000
Vadodara,Keoladeo National Park,5,12500,30000,7500,15000,5000,40000,57500
Vadodara,Khajuraho Group of Monuments,4,4000,16000,3200,16000,4000,27200,39200
Vadodara,Mahabodhi Temple Complex at Bodh Gaya,2,6000,8000,3000,6000,6000,21000,23000
Vadodara,Mountain Railways of India,5,15000,35000,6000,25000,10000,56000,76000
Vadodara,Qutb Minar,1,2000,4000,1200,3000,2000,8200,10200
Vadodara,Rani ki Vav,5,10000,20000,4000,10000,7500,31500,41500
Vadodara,Red Fort,3,7500,9000,3000,12000,9000,31500,33000
Vadodara,Rock Shelters of Bhimbetka,1,3000,5000,1000,3000,1500,8500,10500
Vadodara,"Sun Temple, Konark",2,2000,10000,3000,8000,3000,16000,24000
Vadodara,Sundarbans National Park,5,15000,15000,4000,25000,15000,59000,59000
Vadodara,The Architectural Work of Le Corbusier,3,9000,18000,1500,12000,4500,27000,36000
Vadodara,"The Jantar Mantar, Jaipur",3,9000,9000,3000,6000,4500,22500,22500
Vadodara,The Western Ghats,4,12000,12000,6000,12000,10000,40000,40000
Vadodara,Victorian Gothic and Art Deco,2,4000,12000,2400,6000,2000,14400,22400
Vadodara,Great Himalayan National Park,3,3000,12000,2400,9000,3000,17400,26400
Vadodara,Khangchendzonga National Park,2,2000,12000,2000,4000,5000,13000,23000
Vadodara,Bishnupur Temples,3,6000,9000,3000,6000,4500,19500,22500
Vadodara,Golconda Fort,1,1000,7000,1500,5000,3000,10500,16500
Vadodara,Meenakshi Amman Temple,5,7500,30000,5000,30000,7500,50000,72500
Vadodara,Chittorgarh Fort,3,6000,21000,3600,18000,6000,33600,48600
Vadodara,Kumbhalgarh Fort,3,6000,12000,2400,18000,4500,30900,36900
Vadodara,Hawa Mahal,2,5000,10000,1600,10000,6000,22600,27600
Vadodara,Ranthambore Fort,1,1500,4000,1500,5000,1500,9500,12000
Vadodara,Leh Palace,1,2000,3000,500,3000,2000,7500,8500
Vadodara,Orchha,3,6000,21000,3600,9000,6000,24600,39600
Vadodara,Gwalior Fort,4,6000,16000,4000,8000,6000,24000,34000
Vadodara,Mandu,2,2000,10000,2000,6000,2000,12000,20000
Vadodara,Rajasthan Stepwells,4,10000,24000,4800,8000,6000,28800,42800
Vadodara,Rani Rupmati Pavilion,2,4000,14000,2400,6000,3000,15400,25400
Vadodara,Gingee Fort,1,1000,5000,1000,2000,2500,6500,10500
Vadodara,Panhala Fort,4,12000,28000,4000,16000,8000,40000,56000
Vadodara,Bidar Fort,4,10000,12000,6000,24000,6000,46000,48000
Vadodara,Saraswathi Mahal Library,2,5000,10000,1000,10000,5000,21000,26000
Vadodara,Lucknow Residency,5,15000,15000,7500,30000,5000,57500,57500
Vadodara,Murshidabad,2,2000,14000,2000,4000,3000,11000,23000
Vadodara,Madurai,4,8000,28000,3200,12000,4000,27200,47200
Vadodara,Chettinad,5,7500,15000,4000,30000,7500,49000,56500
Vadodara,Kodaikanal,5,5000,15000,2500,20000,12500,40000,50000
Surat,Taj Mahal,3,6000,12000,4500,15000,7500,33000,39000
Surat,Agra Fort,4,8000,12000,4800,24000,10000,46800,50800
Surat,Ajanta Caves,3,6000,15000,1500,9000,7500,24000,33000
Surat,Ellora Caves,5,7500,20000,7500,20000,15000,50000,62500
Surat,Buddhist Monuments at Sanchi,2,2000,10000,2400,4000,6000,14400,22400
Surat,Champaner-Pavagadh,3,7500,21000,3600,6000,9000,26100,39600
Surat,Chhatrapati Shivaji Terminus,4,6000,24000,2000,20000,6000,34000,52000
Surat,Churches and Convents of Goa,5,7500,20000,7500,20000,12500,47500,60000
Surat,Fatehpur Sikri,2,6000,6000,1000,8000,4000,19000,19000
Surat,Great Living Chola Temples,3,9000,15000,1500,6000,6000,22500,28500
Surat,Group of Monuments at Hampi,2,5000,14000,2400,8000,5000,20400,29400
Surat,Group of Monuments at Mahabalipuram,4,12000,20000,4000,20000,8000,44000,52000
Surat,Group of Monuments at Pattadakal,3,4500,21000,1500,15000,9000,30000,46500
Surat,Hill Forts of Rajasthan,5,15000,30000,5000,30000,5000,55000,70000
Surat,Historic City of Ahmedabad,5,15000,20000,4000,10000,10000,39000,44000
Surat,Humayun's Tomb,3,3000,9000,4500,15000,4500,27000,33000
Surat,Jaipur City,2,4000,12000,2000,6000,4000,16000,24000
Surat,Kaziranga National Park,5,7500,15000,2500,25000,7500,42500,50000
Surat,Keoladeo National Park,4,4000,28000,6000,16000,12000,38000,62000
Surat,Khajuraho Group of Monuments,5,15000,15000,2500,25000,15000,57500,57500
Surat,Mahabodhi Temple Complex at Bodh Gaya,2,5000,6000,1600,12000,2000,20600,21600
Surat,Mountain Railways of India,1,1000,3000,1000,2000,2500,6500,8500
Surat,Qutb Minar,4,6000,20000,3200,20000,10000,39200,53200
Surat,Rani ki Vav,1,1500,5000,800,6000,2000,10300,13800
Surat,Red Fort,5,5000,30000,4000,15000,15000,39000,64000
Surat,Rock Shelters of Bhimbetka,2,3000,10000,2000,6000,3000,14000,21000
Surat,"Sun Temple, Konark",4,8000,20000,4000,12000,4000,28000,40000
Surat,Sundarbans National Park,3,7500,9000,3600,6000,7500,24600,26100
Surat,The Architectural Work of Le Corbusier,4,10000,12000,2000,16000,6000,34000,36000
Surat,"The Jantar Mantar, Jaipur",1,2500,4000,500,4000,2500,9500,11000
Surat,The Western Ghats,3,9000,9000,2400,9000,6000,26400,26400
Surat,Victorian Gothic and Art Deco,2,2000,6000,1600,12000,6000,21600,25600
Surat,Great Himalayan National Park,4,8000,24000,4000,12000,10000,34000,50000
Surat,Khangchendzonga National Park,1,1000,5000,1000,4000,1500,7500,11500
Surat,Bishnupur Temples,2,6000,10000,2400,10000,6000,24400,28400
Surat,Golconda Fort,5,5000,20000,7500,15000,7500,35000,50000
Surat,Meenakshi Amman Temple,4,4000,16000,6000,16000,10000,36000,48000
Surat,Chittorgarh Fort,2,4000,6000,2000,10000,3000,19000,21000
Surat,Kumbhalgarh Fort,2,5000,14000,3000,8000,6000,22000,31000
Surat,Hawa Mahal,2,6000,6000,2000,10000,5000,23000,23000
Surat,Ranthambore Fort,2,3000,12000,1600,6000,4000,14600,23600
Surat,Leh Palace,4,10000,24000,4000,12000,6000,32000,46000
Surat,Orchha,4,10000,16000,4800,8000,8000,30800,36800
Surat,Gwalior Fort,5,5000,30000,4000,30000,15000,54000,79000
Surat,Mandu,2,5000,8000,1600,4000,2000,12600,15600
Surat,Rajasthan Stepwells,5,5000,30000,4000,25000,15000,49000,74000
Surat,Rani Rupmati Pavilion,4,8000,24000,4000,8000,12000,32000,48000
Surat,Gingee Fort,1,2000,7000,1500,6000,2500,12000,17000
Surat,Panhala Fort,5,10000,15000,6000,15000,12500,43500,48500
Surat,Bidar Fort,4,6000,24000,6000,8000,6000,26000,44000
Surat,Saraswathi Mahal Library,1,2000,7000,1000,5000,1500,9500,14500
Surat,Lucknow Residency,1,1500,4000,1500,6000,1500,10500,13000
Surat,Murshidabad,2,3000,6000,1000,8000,3000,15000,18000
Surat,Madurai,1,1500,7000,1000,3000,3000,8500,14000
Surat,Chettinad,5,7500,25000,6000,15000,12500,41000,58500
Surat,Kodaikanal,5,10000,25000,2500,10000,12500,35000,50000
Nagpur,Taj Mahal,4,6000,12000,3200,8000,6000,23200,29200
Nagpur,Agra Fort,2,2000,14000,1000,10000,2000,15000,27000
Nagpur,Ajanta Caves,4,10000,20000,6000,12000,8000,36000,46000
Nagpur,Ellora Caves,5,7500,35000,5000,30000,5000,47500,75000
Nagpur,Buddhist Monuments at Sanchi,5,5000,20000,5000,30000,10000,50000,65000
Nagpur,Champaner-Pavagadh,5,7500,30000,5000,15000,10000,37500,60000
Nagpur,Chhatrapati Shivaji Terminus,1,1500,7000,1500,3000,3000,9000,14500
Nagpur,Churches and Convents of Goa,2,5000,12000,3000,8000,6000,22000,29000
Nagpur,Fatehpur Sikri,5,15000,25000,5000,30000,15000,65000,75000
Nagpur,Great Living Chola Temples,1,2000,4000,1000,6000,3000,12000,14000
Nagpur,Group of Monuments at Hampi,2,2000,12000,1000,8000,2000,13000,23000
Nagpur,Group of Monuments at Mahabalipuram,3,3000,9000,1500,9000,7500,21000,27000
Nagpur,Group of Monuments at Pattadakal,4,4000,16000,2000,12000,12000,30000,42000
Nagpur,Hill Forts of Rajasthan,4,8000,28000,2000,12000,4000,26000,46000
Nagpur,Historic City of Ahmedabad,1,1500,6000,1500,2000,2500,7500,12000
Nagpur,Humayun's Tomb,2,4000,10000,3000,10000,5000,22000,28000
Nagpur,Jaipur City,1,1500,5000,800,6000,1000,9300,12800
Nagpur,Kaziranga National Park,5,5000,25000,4000,25000,7500,41500,61500
Nagpur,Keoladeo National Park,2,4000,14000,2400,6000,5000,17400,27400
Nagpur,Khajuraho Group of Monuments,1,3000,7000,800,2000,1000,6800,10800
Nagpur,Mahabodhi Temple Complex at Bodh Gaya,2,3000,12000,1600,8000,5000,17600,26600
Nagpur,Mountain Railways of India,1,2500,4000,800,4000,2000,9300,10800
Nagpur,Qutb Minar,1,2000,5000,1500,4000,1500,9000,12000
Nagpur,Rani ki Vav,4,4000,24000,4800,24000,6000,38800,58800
Nagpur,Red Fort,4,10000,28000,3200,20000,4000,37200,55200
Nagpur,Rock Shelters of Bhimbetka,2,2000,10000,2000,10000,5000,19000,27000
Nagpur,"Sun Temple, Konark",3,3000,12000,4500,18000,7500,33000,42000
Nagpur,Sundarbans National Park,2,3000,8000,2400,10000,2000,17400,22400
Nagpur,The Architectural Work of Le Corbusier,1,3000,6000,500,4000,2500,10000,13000
Nagpur,"The Jantar Mantar, Jaipur",1,3000,6000,500,6000,2500,12000,15000
Nagpur,The Western Ghats,3,9000,12000,4500,15000,3000,31500,34500
Nagpur,Victorian Gothic and Art Deco,5,12500,20000,6000,15000,5000,38500,46000
Nagpur,Great Himalayan National Park,5,10000,25000,7500,25000,7500,50000,65000
Nagpur,Khangchendzonga National Park,1,2000,6000,500,3000,2500,8000,12000
Nagpur,Bishnupur Temples,3,3000,9000,2400,9000,4500,18900,24900
Nagpur,Golconda Fort,4,8000,24000,6000,24000,8000,46000,62000
Nagpur,Meenakshi Amman Temple,4,8000,20000,6000,12000,6000,32000,44000
Nagpur,Chittorgarh Fort,1,2500,4000,500,6000,3000,12000,13500
Nagpur,Kumbhalgarh Fort,1,1000,6000,1200,5000,3000,10200,15200
Nagpur,Hawa Mahal,4,8000,24000,2000,8000,6000,24000,40000
Nagpur,Ranthambore Fort,5,7500,15000,6000,30000,5000,48500,56000
Nagpur,Leh Palace,4,4000,24000,4800,24000,6000,38800,58800
Nagpur,Orchha,2,2000,10000,3000,10000,4000,19000,27000
Nagpur,Gwalior Fort,5,15000,30000,6000,30000,12500,63500,78500
Nagpur,Mandu,2,4000,10000,2400,10000,5000,21400,27400
Nagpur,Rajasthan Stepwells,2,4000,14000,3000,4000,6000,17000,27000
Nagpur,Rani Rupmati Pavilion,5,7500,25000,5000,20000,7500,40000,57500
Nagpur,Gingee Fort,2,4000,12000,1000,6000,5000,16000,24000
Nagpur,Panhala Fort,3,6000,9000,2400,15000,7500,30900,33900
Nagpur,Bidar Fort,1,2000,6000,1000,3000,2000,8000,12000
Nagpur,Saraswathi Mahal Library,3,9000,9000,3000,6000,7500,25500,25500
Nagpur,Lucknow Residency,1,2500,3000,800,6000,1000,10300,10800
Nagpur,Murshidabad,1,3000,5000,1500,4000,2000,10500,12500
Nagpur,Madurai,1,3000,6000,500,3000,1500,8000,11000
Nagpur,Chettinad,4,6000,20000,2000,12000,8000,28000,42000
Nagpur,Kodaikanal,3,3000,21000,3600,15000,3000,24600,42600
Coimbatore,Taj Mahal,4,10000,28000,6000,8000,8000,32000,50000
Coimbatore,Agra Fort,4,4000,20000,6000,12000,12000,34000,50000
Coimbatore,Ajanta Caves,2,2000,14000,1000,12000,4000,19000,31000
Coimbatore,Ellora Caves,1,2000,6000,1200,2000,2500,7700,11700
Coimbatore,Buddhist Monuments at Sanchi,2,2000,14000,1000,4000,2000,9000,21000
Coimbatore,Champaner-Pavagadh,3,6000,15000,4500,15000,9000,34500,43500
Coimbatore,Chhatrapati Shivaji Terminus,4,8000,16000,6000,24000,12000,50000,58000
Coimbatore,Churches and Convents of Goa,1,2000,4000,500,6000,1000,9500,11500
Coimbatore,Fatehpur Sikri,2,5000,10000,1600,6000,3000,15600,20600
Coimbatore,Great Living Chola Temples,3,7500,21000,4500,12000,7500,31500,45000
Coimbatore,Group of Monuments at Hampi,2,5000,12000,1000,8000,6000,20000,27000
Coimbatore,Group of Monuments at Mahabalipuram,1,1500,3000,1200,2000,1000,5700,7200
Coimbatore,Group of Monuments at Pattadakal,1,2000,5000,1000,2000,1500,6500,9500
Coimbatore,Hill Forts of Rajasthan,1,2500,7000,1000,2000,3000,8500,13000
Coimbatore,Historic City of Ahmedabad,3,7500,21000,4500,9000,6000,27000,40500
Coimbatore,Humayun's Tomb,3,7500,18000,2400,15000,9000,33900,44400
Coimbatore,Jaipur City,5,7500,35000,2500,30000,10000,50000,77500
Coimbatore,Kaziranga National Park,1,1500,5000,1500,5000,1500,9500,13000
Coimbatore,Keoladeo National Park,3,3000,9000,3600,15000,3000,24600,30600
Coimbatore,Khajuraho Group of Monuments,3,9000,21000,2400,6000,4500,21900,33900
Coimbatore,Mahabodhi Temple Complex at Bodh Gaya,4,4000,24000,6000,20000,12000,42000,62000
Coimbatore,Mountain Railways of India,5,12500,20000,6000,15000,12500,46000,53500
Coimbatore,Qutb Minar,4,4000,24000,2000,12000,10000,28000,48000
Coimbatore,Rani ki Vav,3,6000,15000,3000,15000,6000,30000,39000
Coimbatore,Red Fort,3,4500,18000,2400,15000,6000,27900,41400
Coimbatore,Rock Shelters of Bhimbetka,4,12000,24000,4000,8000,4000,28000,40000
Coimbatore,"Sun Temple, Konark",3,6000,18000,4500,15000,9000,34500,46500
Coimbatore,Sundarbans National Park,1,1000,4000,1200,6000,1000,9200,12200
Coimbatore,The Architectural Work of Le Corbusier,4,12000,20000,4000,12000,12000,40000,48000
Coimbatore,"The Jantar Mantar, Jaipur",3,7500,9000,1500,12000,6000,27000,28500
Coimbatore,The Western Ghats,2,3000,14000,2400,12000,2000,19400,30400
Coimbatore,Victorian Gothic and Art Deco,2,5000,10000,1600,10000,6000,22600,27600
Coimbatore,Great Himalayan National Park,5,12500,35000,6000,10000,10000,38500,61000
Coimbatore,Khangchendzonga National Park,5,5000,25000,7500,20000,5000,37500,57500
Coimbatore,Bishnupur Temples,4,8000,12000,4000,8000,6000,26000,30000
Coimbatore,Golconda Fort,1,1500,7000,800,6000,1500,9800,15300
Coimbatore,Meenakshi Amman Temple,3,7500,15000,4500,9000,9000,30000,37500
Coimbatore,Chittorgarh Fort,3,4500,9000,2400,15000,7500,29400,33900
Coimbatore,Kumbhalgarh Fort,1,2000,3000,500,6000,1000,9500,10500
Coimbatore,Hawa Mahal,1,2500,6000,1000,4000,1500,9000,12500
Coimbatore,Ranthambore Fort,5,7500,30000,5000,30000,5000,47500,70000
Coimbatore,Leh Palace,4,4000,16000,3200,20000,8000,35200,47200
Coimbatore,Orchha,4,6000,28000,3200,24000,10000,43200,65200
Coimbatore,Gwalior Fort,2,2000,12000,1600,6000,5000,14600,24600
Coimbatore,Mandu,4,6000,12000,2000,8000,4000,20000,26000
Coimbatore,Rajasthan Stepwells,2,4000,8000,2400,8000,6000,20400,24400
Coimbatore,Rani Rupmati Pavilion,4,8000,28000,3200,24000,10000,45200,65200
Coimbatore,Gingee Fort,4,4000,20000,6000,24000,4000,38000,54000
Coimbatore,Panhala Fort,5,10000,15000,5000,15000,7500,37500,42500
Coimbatore,Bidar Fort,4,6000,28000,4000,24000,10000,44000,66000
Coimbatore,Saraswathi Mahal Library,1,3000,7000,800,4000,3000,10800,14800
Coimbatore,Lucknow Residency,2,2000,12000,2400,12000,2000,18400,28400
Coimbatore,Murshidabad,2,4000,12000,1600,10000,3000,18600,26600
Coimbatore,Madurai,2,4000,10000,3000,6000,2000,15000,21000
Coimbatore,Chettinad,4,10000,12000,4800,12000,12000,38800,40800
Coimbatore,Kodaikanal,1,2000,7000,500,3000,1000,6500,11500
Madurai,Taj Mahal,1,2000,3000,500,3000,2500,8000,9000
Madurai,Agra Fort,2,4000,8000,3000,6000,2000,15000,19000
Madurai,Ajanta Caves,5,5000,30000,5000,25000,7500,42500,67500
Madurai,Ellora Caves,5,10000,20000,6000,30000,15000,61000,71000
Madurai,Buddhist Monuments at Sanchi,2,5000,6000,1600,8000,5000,19600,20600
Madurai,Champaner-Pavagadh,3,7500,15000,3000,9000,3000,22500,30000
Madurai,Chhatrapati Shivaji Terminus,1,2500,5000,800,3000,2500,8800,11300
Madurai,Churches and Convents of Goa,5,15000,35000,2500,15000,10000,42500,62500
Madurai,Fatehpur Sikri,3,4500,18000,3600,9000,3000,20100,33600
Madurai,Great Living Chola Temples,2,4000,8000,2000,12000,2000,20000,24000
Madurai,Group of Monuments at Hampi,1,1000,7000,800,2000,2500,6300,12300
Madurai,Group of Monuments at Mahabalipuram,5,5000,15000,4000,15000,7500,31500,41500
Madurai,Group of Monuments at Pattadakal,2,2000,10000,1000,12000,6000,21000,29000
Madurai,Hill Forts of Rajasthan,5,7500,20000,6000,15000,15000,43500,56000
Madurai,Historic City of Ahmedabad,3,6000,15000,3000,15000,3000,27000,36000
Madurai,Humayun's Tomb,3,6000,15000,3600,18000,3000,30600,39600
Madurai,Jaipur City,1,1500,3000,1500,6000,1500,10500,12000
Madurai,Kaziranga National Park,4,8000,20000,4800,16000,8000,36800,48800
Madurai,Keoladeo National Park,4,8000,16000,4000,16000,6000,34000,42000
Madurai,Khajuraho Group of Monuments,3,4500,21000,2400,18000,7500,32400,48900
Madurai,Mahabodhi Temple Complex at Bodh Gaya,5,15000,25000,7500,10000,12500,45000,55000
Madurai,Mountain Railways of India,3,7500,18000,3600,18000,6000,35100,45600
Madurai,Qutb Minar,2,3000,6000,3000,12000,3000,21000,24000
Madurai,Rani ki Vav,2,4000,12000,1600,6000,5000,16600,24600
Madurai,Red Fort,4,6000,24000,2000,20000,10000,38000,56000
Madurai,Rock Shelters of Bhimbetka,1,3000,7000,1200,5000,2000,11200,15200
Madurai,"Sun Temple, Konark",1,1500,6000,1200,6000,2500,11200,15700
Madurai,Sundarbans National Park,4,4000,24000,3200,20000,10000,37200,57200
Madurai,The Architectural Work of Le Corbusier,2,5000,10000,2400,8000,3000,18400,23400
Madurai,"The Jantar Mantar, Jaipur",3,9000,9000,2400,9000,3000,23400,23400
Madurai,The Western Ghats,2,4000,6000,2000,10000,2000,18000,20000
Madurai,Victorian Gothic and Art Deco,5,15000,25000,5000,25000,15000,60000,70000
Madurai,Great Himalayan National Park,4,8000,24000,4000,20000,8000,40000,56000
Madurai,Khangchendzonga National Park,1,1500,5000,1000,5000,2500,10000,13500
Madurai,Bishnupur Temples,3,3000,15000,3000,12000,4500,22500,34500
Madurai,Golconda Fort,5,12500,20000,5000,25000,15000,57500,65000
Madurai,Meenakshi Amman Temple,5,10000,20000,6000,20000,15000,51000,61000
Madurai,Chittorgarh Fort,5,5000,15000,4000,25000,15000,49000,59000
Madurai,Kumbhalgarh Fort,1,2500,7000,800,2000,2500,7800,12300
Madurai,Hawa Mahal,3,9000,21000,3000,12000,6000,30000,42000
Madurai,Ranthambore Fort,2,6000,8000,2400,4000,4000,16400,18400
Madurai,Leh Palace,4,8000,24000,4000,24000,10000,46000,62000
Madurai,Orchha,5,5000,20000,6000,10000,5000,26000,41000
Madurai,Gwalior Fort,1,1500,6000,1200,4000,3000,9700,14200
Madurai,Mandu,3,7500,12000,3600,9000,6000,26100,30600
Madurai,Rajasthan Stepwells,4,6000,28000,2000,16000,12000,36000,58000
Madurai,Rani Rupmati Pavilion,3,4500,9000,2400,18000,7500,32400,36900
Madurai,Gingee Fort,4,8000,24000,6000,24000,12000,50000,66000
Madurai,Panhala Fort,1,1000,5000,800,4000,3000,8800,12800
Madurai,Bidar Fort,3,9000,9000,2400,12000,7500,30900,30900
Madurai,Saraswathi Mahal Library,1,2000,4000,500,3000,2000,7500,9500
Madurai,Lucknow Residency,1,2000,4000,1000,4000,1500,8500,10500
Madurai,Murshidabad,1,2500,3000,1200,6000,2000,11700,12200
Madurai,Madurai,4,8000,12000,6000,24000,8000,46000,50000
Madurai,Chettinad,3,6000,12000,1500,9000,7500,24000,30000
Madurai,Kodaikanal,1,2500,5000,500,5000,2000,10000,12500
Visakhapatnam,Taj Mahal,1,1500,4000,1500,2000,2500,7500,10000
Visakhapatnam,Agra Fort,4,4000,16000,4800,8000,4000,20800,32800
Visakhapatnam,Ajanta Caves,3,4500,9000,2400,12000,9000,27900,32400
Visakhapatnam,Ellora Caves,5,15000,35000,4000,20000,10000,49000,69000
Visakhapatnam,Buddhist Monuments at Sanchi,4,4000,16000,6000,16000,6000,32000,44000
Visakhapatnam,Champaner-Pavagadh,2,4000,6000,1000,6000,2000,13000,15000
Visakhapatnam,Chhatrapati Shivaji Terminus,5,15000,15000,2500,10000,7500,35000,35000
Visakhapatnam,Churches and Convents of Goa,1,1000,4000,800,6000,3000,10800,13800
Visakhapatnam,Fatehpur Sikri,2,5000,6000,1600,8000,4000,18600,19600
Visakhapatnam,Great Living Chola Temples,4,4000,16000,6000,12000,4000,26000,38000
Visakhapatnam,Group of Monuments at Hampi,2,5000,14000,3000,6000,3000,17000,26000
Visakhapatnam,Group of Monuments at Mahabalipuram,2,4000,8000,1600,10000,5000,20600,24600
Visakhapatnam,Group of Monuments at Pattadakal,2,2000,6000,3000,8000,6000,19000,23000
Visakhapatnam,Hill Forts of Rajasthan,1,2000,7000,800,4000,2500,9300,14300
Visakhapatnam,Historic City of Ahmedabad,3,6000,18000,3600,18000,3000,30600,42600
Visakhapatnam,Humayun's Tomb,2,5000,8000,1000,6000,6000,18000,21000
Visakhapatnam,Jaipur City,4,12000,16000,4000,24000,4000,44000,48000
Visakhapatnam,Kaziranga National Park,2,3000,14000,1600,10000,4000,18600,29600
Visakhapatnam,Keoladeo National Park,1,2500,6000,1500,5000,3000,12000,15500
Visakhapatnam,Khajuraho Group of Monuments,5,7500,30000,7500,10000,7500,32500,55000
Visakhapatnam,Mahabodhi Temple Complex at Bodh Gaya,3,6000,21000,3000,18000,4500,31500,46500
Visakhapatnam,Mountain Railways of India,1,3000,6000,1500,5000,2500,12000,15000
Visakhapatnam,Qutb Minar,1,2500,7000,500,2000,1500,6500,11000
Visakhapatnam,Rani ki Vav,3,3000,12000,2400,15000,4500,24900,33900
Visakhapatnam,Red Fort,4,4000,12000,2000,12000,8000,26000,34000
Visakhapatnam,Rock Shelters of Bhimbetka,1,3000,6000,500,5000,2500,11000,14000
Visakhapatnam,"Sun Temple, Konark",2,2000,6000,2400,10000,4000,18400,22400
Visakhapatnam,Sundarbans National Park,3,3000,12000,1500,9000,6000,19500,28500
Visakhapatnam,The Architectural Work of Le Corbusier,3,3000,9000,2400,9000,4500,18900,24900
Visakhapatnam,"The Jantar Mantar, Jaipur",2,5000,8000,2400,8000,2000,17400,20400
Visakhapatnam,The Western Ghats,5,7500,20000,5000,15000,7500,35000,47500
Visakhapatnam,Victorian Gothic and Art Deco,3,4500,21000,3600,9000,6000,23100,39600
Visakhapatnam,Great Himalayan National Park,4,8000,20000,4800,8000,6000,26800,38800
Visakhapatnam,Khangchendzonga National Park,4,8000,28000,4800,20000,8000,40800,60800
Visakhapatnam,Bishnupur Temples,5,7500,30000,5000,25000,10000,47500,70000
Visakhapatnam,Golconda Fort,1,3000,7000,1000,3000,2000,9000,13000
Visakhapatnam,Meenakshi Amman Temple,1,1500,3000,1000,2000,2500,7000,8500
Visakhapatnam,Chittorgarh Fort,4,8000,16000,4000,24000,4000,40000,48000
Visakhapatnam,Kumbhalgarh Fort,3,4500,15000,3600,15000,9000,32100,42600
Visakhapatnam,Hawa Mahal,3,3000,9000,2400,18000,9000,32400,38400
Visakhapatnam,Ranthambore Fort,1,3000,3000,800,2000,3000,8800,8800
Visakhapatnam,Leh Palace,3,4500,15000,2400,6000,4500,17400,27900
Visakhapatnam,Orchha,5,5000,25000,2500,20000,5000,32500,52500
Visakhapatnam,Gwalior Fort,5,12500,30000,5000,15000,12500,45000,62500
Visakhapatnam,Mandu,3,7500,15000,3000,6000,9000,25500,33000
Visakhapatnam,Rajasthan Stepwells,5,12500,25000,2500,20000,5000,40000,52500
Visakhapatnam,Rani Rupmati Pavilion,5,15000,30000,4000,30000,5000,54000,69000
Visakhapatnam,Gingee Fort,1,1500,7000,1000,2000,1000,5500,11000
Visakhapatnam,Panhala Fort,4,10000,16000,4800,8000,12000,34800,40800
Visakhapatnam,Bidar Fort,1,3000,7000,800,3000,1000,7800,11800
Visakhapatnam,Saraswathi Mahal Library,3,9000,12000,1500,15000,6000,31500,34500
Visakhapatnam,Lucknow Residency,3,3000,9000,3600,6000,3000,15600,21600
Visakhapatnam,Murshidabad,4,6000,24000,3200,16000,8000,33200,51200
Visakhapatnam,Madurai,2,3000,10000,3000,8000,4000,18000,25000
Visakhapatnam,Chettinad,3,9000,12000,3600,6000,9000,27600,30600
Visakhapatnam,Kodaikanal,1,1000,6000,1200,2000,2500,6700,11700
Chandigarh,Taj Mahal,4,4000,20000,4000,12000,4000,24000,40000
Chandigarh,Agra Fort,4,6000,20000,4800,20000,10000,40800,54800
Chandigarh,Ajanta Caves,5,10000,20000,6000,15000,15000,46000,56000
Chandigarh,Ellora Caves,4,10000,20000,6000,24000,8000,48000,58000
Chandigarh,Buddhist Monuments at Sanchi,2,6000,12000,3000,8000,5000,22000,28000
Chandigarh,Champaner-Pavagadh,4,8000,12000,3200,8000,6000,25200,29200
Chandigarh,Chhatrapati Shivaji Terminus,5,10000,15000,6000,30000,15000,61000,66000
Chandigarh,Churches and Convents of Goa,3,9000,12000,3600,12000,9000,33600,36600
Chandigarh,Fatehpur Sikri,3,6000,18000,1500,6000,7500,21000,33000
Chandigarh,Great Living Chola Temples,1,2500,7000,800,2000,2000,7300,11800
Chandigarh,Group of Monuments at Hampi,3,7500,12000,1500,9000,3000,21000,25500
Chandigarh,Group of Monuments at Mahabalipuram,2,4000,14000,2000,4000,5000,15000,25000
Chandigarh,Group of Monuments at Pattadakal,2,5000,12000,2000,6000,5000,18000,25000
Chandigarh,Hill Forts of Rajasthan,4,12000,12000,4000,12000,12000,40000,40000
Chandigarh,Historic City of Ahmedabad,5,10000,20000,5000,30000,12500,57500,67500
Chandigarh,Humayun's Tomb,4,8000,24000,4800,12000,10000,34800,50800
Chandigarh,Jaipur City,1,2500,6000,1200,4000,2500,10200,13700
Chandigarh,Kaziranga National Park,1,1500,7000,1500,3000,1000,7000,12500
Chandigarh,Keoladeo National Park,3,6000,21000,4500,12000,3000,25500,40500
Chandigarh,Khajuraho Group of Monuments,5,15000,30000,7500,10000,10000,42500,57500
Chandigarh,Mahabodhi Temple Complex at Bodh Gaya,5,7500,35000,5000,25000,7500,45000,72500
Chandigarh,Mountain Railways of India,3,9000,15000,3000,12000,9000,33000,39000
Chandigarh,Qutb Minar,4,8000,20000,4000,20000,12000,44000,56000
Chandigarh,Rani ki Vav,2,5000,8000,3000,12000,5000,25000,28000
Chandigarh,Red Fort,2,3000,12000,3000,6000,2000,14000,23000
Chandigarh,Rock Shelters of Bhimbetka,1,2000,6000,800,3000,3000,8800,12800
Chandigarh,"Sun Temple, Konark",1,2000,4000,1200,3000,2000,8200,10200
Chandigarh,Sundarbans National Park,4,6000,20000,4000,20000,8000,38000,52000
Chandigarh,The Architectural Work of Le Corbusier,4,10000,28000,3200,16000,6000,35200,53200
Chandigarh,"The Jantar Mantar, Jaipur",1,1500,6000,500,5000,2000,9000,13500
Chandigarh,The Western Ghats,4,12000,20000,4800,12000,8000,36800,44800
Chandigarh,Victorian Gothic and Art Deco,3,4500,18000,3000,6000,7500,21000,34500
Chandigarh,Great Himalayan National Park,3,9000,18000,2400,12000,3000,26400,35400
Chandigarh,Khangchendzonga National Park,1,2000,3000,1000,3000,1000,7000,8000
Chandigarh,Bishnupur Temples,4,8000,20000,4800,12000,8000,32800,44800
Chandigarh,Golconda Fort,5,5000,25000,5000,25000,5000,40000,60000
Chandigarh,Meenakshi Amman Temple,1,3000,7000,800,2000,1000,6800,10800
Chandigarh,Chittorgarh Fort,2,4000,8000,2400,4000,2000,12400,16400
Chandigarh,Kumbhalgarh Fort,1,1000,6000,500,6000,2500,10000,15000
Chandigarh,Hawa Mahal,2,2000,10000,1600,12000,4000,19600,27600
Chandigarh,Ranthambore Fort,4,8000,16000,4800,12000,8000,32800,40800
Chandigarh,Leh Palace,3,6000,18000,3600,9000,9000,27600,39600
Chandigarh,Orchha,1,1500,7000,500,3000,2500,7500,13000
Chandigarh,Gwalior Fort,3,6000,21000,1500,18000,3000,28500,43500
Chandigarh,Mandu,1,2000,6000,800,2000,2500,7300,11300
Chandigarh,Rajasthan Stepwells,4,4000,12000,3200,8000,6000,21200,29200
Chandigarh,Rani Rupmati Pavilion,3,7500,18000,3000,9000,9000,28500,39000
Chandigarh,Gingee Fort,5,7500,30000,4000,10000,5000,26500,49000
Chandigarh,Panhala Fort,3,9000,12000,3000,15000,4500,31500,34500
Chandigarh,Bidar Fort,5,5000,30000,7500,25000,7500,45000,70000
Chandigarh,Saraswathi Mahal Library,2,2000,12000,1600,4000,4000,11600,21600
Chandigarh,Lucknow Residency,2,4000,10000,1000,12000,4000,21000,27000
Chandigarh,Murshidabad,5,7500,25000,5000,30000,15000,57500,75000
Chandigarh,Madurai,5,10000,25000,2500,10000,15000,37500,52500
Chandigarh,Chettinad,3,9000,15000,3600,18000,4500,35100,41100
Chandigarh,Kodaikanal,4,6000,24000,3200,20000,10000,39200,57200
Dehradun,Taj Mahal,3,7500,18000,3600,9000,7500,27600,38100
Dehradun,Agra Fort,2,2000,6000,2400,4000,5000,13400,17400
Dehradun,Ajanta Caves,4,6000,28000,4800,12000,8000,30800,52800
Dehradun,Ellora Caves,1,2000,4000,1500,2000,1500,7000,9000
Dehradun,Buddhist Monuments at Sanchi,4,10000,16000,2000,16000,12000,40000,46000
Dehradun,Champaner-Pavagadh,2,4000,12000,2400,4000,2000,12400,20400
Dehradun,Chhatrapati Shivaji Terminus,4,10000,20000,4000,16000,8000,38000,48000
Dehradun,Churches and Convents of Goa,4,10000,28000,6000,20000,4000,40000,58000
Dehradun,Fatehpur Sikri,1,1000,5000,1000,2000,3000,7000,11000
Dehradun,Great Living Chola Temples,1,1000,3000,1000,5000,2000,9000,11000
Dehradun,Group of Monuments at Hampi,4,4000,24000,2000,16000,8000,30000,50000
Dehradun,Group of Monuments at Mahabalipuram,5,15000,30000,2500,30000,7500,55000,70000
Dehradun,Group of Monuments at Pattadakal,3,4500,18000,1500,18000,9000,33000,46500
Dehradun,Hill Forts of Rajasthan,4,10000,28000,6000,24000,4000,44000,62000
Dehradun,Historic City of Ahmedabad,1,1500,7000,500,2000,1000,5000,10500
Dehradun,Humayun's Tomb,2,2000,8000,1000,12000,2000,17000,23000
Dehradun,Jaipur City,3,9000,21000,4500,18000,9000,40500,52500
Dehradun,Kaziranga National Park,2,3000,10000,2400,10000,2000,17400,24400
Dehradun,Keoladeo National Park,5,5000,30000,2500,15000,10000,32500,57500
Dehradun,Khajuraho Group of Monuments,2,5000,14000,2000,4000,3000,14000,23000
Dehradun,Mahabodhi Temple Complex at Bodh Gaya,1,1500,3000,800,3000,1500,6800,8300
Dehradun,Mountain Railways of India,3,9000,12000,4500,15000,9000,37500,40500
Dehradun,Qutb Minar,2,5000,6000,1600,4000,2000,12600,13600
Dehradun,Rani ki Vav,3,9000,15000,1500,9000,4500,24000,30000
Dehradun,Red Fort,1,2000,7000,1500,4000,2500,10000,15000
Dehradun,Rock Shelters of Bhimbetka,5,5000,15000,4000,15000,5000,29000,39000
Dehradun,"Sun Temple, Konark",4,6000,16000,2000,12000,10000,30000,40000
Dehradun,Sundarbans National Park,1,3000,7000,1000,6000,1000,11000,15000
Dehradun,The Architectural Work of Le Corbusier,3,3000,18000,1500,6000,7500,18000,33000
Dehradun,"The Jantar Mantar, Jaipur",2,6000,14000,3000,6000,5000,20000,28000
Dehradun,The Western Ghats,5,10000,35000,2500,20000,10000,42500,67500
Dehradun,Victorian Gothic and Art Deco,2,4000,8000,1600,10000,6000,21600,25600
Dehradun,Great Himalayan National Park,5,5000,15000,2500,25000,5000,37500,47500
Dehradun,Khangchendzonga National Park,2,3000,8000,1000,12000,6000,22000,27000
Dehradun,Bishnupur Temples,5,15000,20000,4000,15000,7500,41500,46500
Dehradun,Golconda Fort,4,12000,12000,3200,16000,6000,37200,37200
Dehradun,Meenakshi Amman Temple,5,12500,30000,2500,15000,5000,35000,52500
Dehradun,Chittorgarh Fort,3,9000,21000,2400,6000,6000,23400,35400
Dehradun,Kumbhalgarh Fort,1,2500,7000,500,5000,1000,9000,13500
Dehradun,Hawa Mahal,5,10000,35000,6000,20000,12500,48500,73500
Dehradun,Ranthambore Fort,3,7500,21000,3600,9000,7500,27600,41100
Dehradun,Leh Palace,5,10000,25000,6000,25000,15000,56000,71000
Dehradun,Orchha,3,7500,9000,1500,9000,6000,24000,25500
Dehradun,Gwalior Fort,2,3000,14000,1000,4000,6000,14000,25000
Dehradun,Mandu,1,2500,5000,800,6000,2500,11800,14300
Dehradun,Rajasthan Stepwells,1,3000,7000,800,4000,2500,10300,14300
Dehradun,Rani Rupmati Pavilion,5,7500,35000,7500,25000,12500,52500,80000
Dehradun,Gingee Fort,5,5000,35000,7500,30000,5000,47500,77500
Dehradun,Panhala Fort,4,4000,12000,2000,8000,6000,20000,28000
Dehradun,Bidar Fort,4,10000,20000,4000,24000,10000,48000,58000
Dehradun,Saraswathi Mahal Library,5,15000,25000,5000,10000,12500,42500,52500
Dehradun,Lucknow Residency,5,7500,20000,4000,10000,10000,31500,44000
Dehradun,Murshidabad,4,10000,20000,3200,16000,6000,35200,45200
Dehradun,Madurai,2,3000,12000,1600,12000,3000,19600,28600
Dehradun,Chettinad,4,10000,28000,3200,24000,12000,49200,67200
Dehradun,Kodaikanal,5,10000,30000,6000,20000,7500,43500,63500
